--
-- PostgreSQL database dump
--

-- Dumped from database version 12.7 (Ubuntu 12.7-1.pgdg18.04+1)
-- Dumped by pg_dump version 14.1 (Ubuntu 14.1-1.pgdg18.04+1)

SET statement_timeout = 0;
SET lock_timeout = 0;
SET idle_in_transaction_session_timeout = 0;
SET client_encoding = 'UTF8';
SET standard_conforming_strings = on;
SELECT pg_catalog.set_config('search_path', '', false);
SET check_function_bodies = false;
SET xmloption = content;
SET client_min_messages = warning;
SET row_security = off;

--
-- Data for Name: flyway_migrations; Type: TABLE DATA; Schema: public; Owner: -
--

INSERT INTO public.flyway_migrations VALUES (1, '87', '<< Flyway Baseline >>', 'BASELINE', '<< Flyway Baseline >>', NULL, 'null', '2019-10-01 16:14:25.052757', 0, true);
INSERT INTO public.flyway_migrations VALUES (2, '88', 'Create tools tasks table', 'SQL', 'V88__Create_tools_tasks_table.sql', -999139759, 'intake24_system_production_user', '2019-10-01 16:14:25.33884', 102, true);
INSERT INTO public.flyway_migrations VALUES (3, '89', 'Fix surveys locale foreign key', 'SQL', 'V89__Fix_surveys_locale_foreign_key.sql', -135260699, 'intake24_system_production_user', '2019-10-01 16:14:25.700544', 83, true);
INSERT INTO public.flyway_migrations VALUES (4, '90', 'Create NDNSv1 locale', 'SQL', 'V90__Create_NDNSv1_locale.sql', 663800985, 'intake24_system_production_user', '2019-10-01 16:14:26.023149', 79, true);
INSERT INTO public.flyway_migrations VALUES (5, '91', 'Create SABv1 locale', 'SQL', 'V91__Create_SABv1_locale.sql', -303584215, 'intake24_system_production_user', '2019-10-01 16:14:26.339389', 88, true);
INSERT INTO public.flyway_migrations VALUES (6, '92', 'Create new NDB nutrient types', 'SQL', 'V92__Create_new_NDB_nutrient_types.sql', -1951526323, 'intake24_system_production_user', '2019-10-01 16:14:26.669582', 83, true);
INSERT INTO public.flyway_migrations VALUES (7, '93', 'Add food group nutrient types', 'SQL', 'V93__Add_food_group_nutrient_types.sql', 153185798, 'intake24_system_production_user', '2019-11-04 14:27:55.634738', 74, true);
INSERT INTO public.flyway_migrations VALUES (8, '94', 'Fix NDNSv1 export nutrient types', 'SQL', 'V94__Fix_NDNSv1_export_nutrient_types.sql', 747284086, 'intake24_system_production_user', '2019-11-04 14:27:55.924106', 94, true);
INSERT INTO public.flyway_migrations VALUES (9, '95', 'Create Birmingham South Asian locale', 'SQL', 'V95__Create_Birmingham_South_Asian_locale.sql', 1827109256, 'intake24_system_production_user', '2019-11-05 16:22:42.418389', 69, true);
INSERT INTO public.flyway_migrations VALUES (10, '96', 'Create local fields', 'SQL', 'V96__Create_local_fields.sql', 1244184760, 'intake24_system_production_user', '2020-08-24 13:29:35.810014', 99, true);
INSERT INTO public.flyway_migrations VALUES (11, '97', 'Create survey submissions fields', 'SQL', 'V97__Create_survey_submissions_fields.sql', 1506562373, 'intake24_system_production_user', '2020-08-24 13:29:36.129788', 94, true);
INSERT INTO public.flyway_migrations VALUES (12, '98', 'Add submission limits fields', 'SQL', 'V98__Add_submission_limits_fields.sql', 1033701239, 'intake24', '2021-01-22 15:59:10.166861', 96, true);
INSERT INTO public.flyway_migrations VALUES (13, '99', 'Add server side submission time', 'SQL', 'V99__Add_server_side_submission_time.sql', 286181347, 'intake24', '2021-01-22 15:59:10.268816', 864, true);
INSERT INTO public.flyway_migrations VALUES (14, '100', 'Add total submissions limit', 'SQL', 'V100__Add_total_submissions_limit.sql', -1024504186, 'intake24', '2021-01-22 15:59:11.180097', 1, true);
INSERT INTO public.flyway_migrations VALUES (15, '101', 'Add generate user key', 'SQL', 'V101__Add_generate_user_key.sql', 1448805698, 'intake24', '2021-01-22 15:59:11.184055', 0, true);
INSERT INTO public.flyway_migrations VALUES (16, '102', 'Add auth url domain override', 'SQL', 'V102__Add_auth_url_domain_override.sql', 1404854393, 'intake24', '2021-01-22 15:59:11.187445', 0, true);
INSERT INTO public.flyway_migrations VALUES (17, '103', 'Add error reporting settings', 'SQL', 'V103__Add_error_reporting_settings.sql', 53553257, 'intake24', '2021-01-22 15:59:11.190495', 109, true);
INSERT INTO public.flyway_migrations VALUES (18, '104', 'Increase max stack trace line length', 'SQL', 'V104__Increase_max_stack_trace_line_length.sql', -2085684983, 'intake24', '2021-01-22 15:59:11.310916', 8952, true);
INSERT INTO public.flyway_migrations VALUES (19, '105', 'Create missing indices', 'SQL', 'V105__Create_missing_indices.sql', 1372050684, 'intake24', '2021-01-22 15:59:20.294596', 1127, true);
INSERT INTO public.flyway_migrations VALUES (20, '106', 'Fix local fields unique contraints', 'SQL', 'V106__Fix_local_fields_unique_contraints.sql', -191321819, 'intake24', '2021-06-28 20:14:22.697179', 19, true);
INSERT INTO public.flyway_migrations VALUES (21, '107', 'Create UKSAv2 locale', 'SQL', 'V107__Create_UKSAv2_locale.sql', -1065058570, 'intake24', '2021-06-28 20:14:22.729289', 2, true);
INSERT INTO public.flyway_migrations VALUES (22, '108', 'UKSAv2 locale export fields', 'SQL', 'V108__UKSAv2_locale_export_fields.sql', 10025348, 'intake24', '2021-09-14 10:30:11.207548', 15, true);
INSERT INTO public.flyway_migrations VALUES (23, '109', 'Add survey sorting algorithm option', 'SQL', 'V109__Add_survey_sorting_algorithm_option.sql', 860507165, 'intake24', '2021-09-14 10:30:11.227837', 6, true);
INSERT INTO public.flyway_migrations VALUES (24, '110', 'Add survey sorting match score weight', 'SQL', 'V110__Add_survey_sorting_match_score_weight.sql', -517060460, 'intake24', '2021-09-14 11:23:59.339137', 10, true);
INSERT INTO public.flyway_migrations VALUES (25, '111', 'Create fixed food ranking table', 'SQL', 'V111__Create_fixed_food_ranking_table.sql', -261115251, 'intake24', '2021-09-15 12:30:18.765705', 15, true);
INSERT INTO public.flyway_migrations VALUES (26, '112', 'Create Fiji locale', 'SQL', 'V112__Create_Fiji_locale.sql', -1015586563, 'intake24', '2021-09-22 15:32:10.152959', 5, true);
INSERT INTO public.flyway_migrations VALUES (27, '113', 'Create UK current locale', 'SQL', 'V113__Create_UK_current_locale.sql', 2024264953, 'intake24', '2021-12-10 14:19:28.8206', 49, true);
INSERT INTO public.flyway_migrations VALUES (28, '114', 'Align survey id length', 'SQL', 'V114__Align_survey_id_length.sql', -1395899076, 'intake24', '2021-12-10 14:19:28.90324', 10, true);
INSERT INTO public.flyway_migrations VALUES (29, '115', 'Align survey id length 2', 'SQL', 'V115__Align_survey_id_length_2.sql', 394701289, 'intake24', '2021-12-10 14:19:28.976747', 3, true);
INSERT INTO public.flyway_migrations VALUES (30, '116', 'Create pairwise associations state table', 'SQL', 'V116__Create_pairwise_associations_state_table.sql', 1488687820, 'intake24', '2021-12-10 14:19:29.018872', 2, true);


--
-- Data for Name: locales; Type: TABLE DATA; Schema: public; Owner: -
--

INSERT INTO public.locales VALUES ('en_GB', 'United Kingdom', 'United Kingdom', 'en_GB', 'en', 'gb', NULL, 'ltr');
INSERT INTO public.locales VALUES ('ar_AE', 'United Arab Emirates', 'الإمارات العربية المتحدة', 'ar_AE', 'ar', 'ae', 'en_GB', 'rtl');
INSERT INTO public.locales VALUES ('en_NZ', 'New Zealand', 'New Zealand', 'en_GB', 'en', 'nz', 'en_GB', 'ltr');
INSERT INTO public.locales VALUES ('en_GB_gf', 'United Kingdom (gluten-free foods)', 'United Kingdom (gluten-free foods)', 'en_GB', 'en', 'gb', 'en_GB', 'ltr');
INSERT INTO public.locales VALUES ('pt_PT', 'Portugal', 'Portugal', 'pt_PT', 'pt', 'pt', 'en_GB', 'ltr');
INSERT INTO public.locales VALUES ('da_DK', 'Denmark', 'Danmark', 'da_DK', 'da', 'dk', 'en_GB', 'ltr');
INSERT INTO public.locales VALUES ('en_IN', 'India (English)', 'India (English)', 'en_GB', 'en', 'in', 'en_GB', 'ltr');
INSERT INTO public.locales VALUES ('en_AU', 'Australia', 'Australia', 'en_AU', 'en', 'au', 'en_GB', 'ltr');
INSERT INTO public.locales VALUES ('en_GB_simple', 'United Kingdom (simplified)', 'United Kingdom (simplified)', 'en_GB', 'en', 'gb', 'en_GB', 'ltr');
INSERT INTO public.locales VALUES ('en_NZ_2', 'New Zealand (v.2)', 'New Zealand (v.2)', 'en_GB', 'en', 'nz', 'en_GB', 'ltr');
INSERT INTO public.locales VALUES ('en_GB_sa', 'United Kingdom (South Asian)', 'United Kingdom (South Asian)', 'en_GB', 'en', 'gb', 'en_GB', 'ltr');
INSERT INTO public.locales VALUES ('NDNSv1', 'United Kingdom (NDNS v1)', 'United Kingdom (NDNS v1)', 'en_GB', 'en', 'gb', NULL, 'ltr');
INSERT INTO public.locales VALUES ('SABv1', 'South Asia Biobank v1', 'South Asia Biobank v1', 'en_GB', 'en', 'gb', NULL, 'ltr');
INSERT INTO public.locales VALUES ('BHSAv1', 'Birmingham UK South Asian v1', 'Birmingham UK South Asian v1', 'en_GB', 'en', 'gb', 'NDNSv1', 'ltr');
INSERT INTO public.locales VALUES ('UKSAv2', 'South Asian (UK) v2', 'South Asian (UK) v2', 'en_GB', 'en', 'gb', 'NDNSv1', 'ltr');
INSERT INTO public.locales VALUES ('en_FJ', 'Fiji', 'Fiji', 'en_gb', 'en', 'fj', 'en_GB', 'ltr');
INSERT INTO public.locales VALUES ('UK_current', 'United Kingdom (current)', 'United Kingdom (current)', 'en_GB', 'en', 'gb', NULL, 'ltr');


--
-- Data for Name: nutrient_units; Type: TABLE DATA; Schema: public; Owner: -
--

INSERT INTO public.nutrient_units VALUES (1, 'Gram', 'g');
INSERT INTO public.nutrient_units VALUES (2, 'Milligram', 'mg');
INSERT INTO public.nutrient_units VALUES (3, 'Microgram', 'µg');
INSERT INTO public.nutrient_units VALUES (4, 'Kilocalorie', 'kcal');
INSERT INTO public.nutrient_units VALUES (5, 'Kilojoule', 'kJ');
INSERT INTO public.nutrient_units VALUES (6, 'International Units', 'IU');


--
-- Data for Name: nutrient_types; Type: TABLE DATA; Schema: public; Owner: -
--

INSERT INTO public.nutrient_types VALUES (1, 'Energy (kcal)', 4);
INSERT INTO public.nutrient_types VALUES (2, 'Energy (kJ)', 5);
INSERT INTO public.nutrient_types VALUES (3, 'Energy, total metabolisable (kcal, including dietary fibre)', 4);
INSERT INTO public.nutrient_types VALUES (4, 'Energy, total metabolisable, available carbohydrate, FSANZ (kcal)', 4);
INSERT INTO public.nutrient_types VALUES (5, 'Energy, total metabolisable, available carbohydrate, FSANZ (kJ)', 5);
INSERT INTO public.nutrient_types VALUES (6, 'Energy, total metabolisable, carbohydrate by difference, FSANZ (kcal)', 4);
INSERT INTO public.nutrient_types VALUES (7, 'Energy, total metabolisable, carbohydrate by difference, FSANZ (kJ)', 5);
INSERT INTO public.nutrient_types VALUES (8, 'Water', 1);
INSERT INTO public.nutrient_types VALUES (9, 'Total nitrogen', 1);
INSERT INTO public.nutrient_types VALUES (10, 'Nitrogen conversion factor', 1);
INSERT INTO public.nutrient_types VALUES (11, 'Protein', 1);
INSERT INTO public.nutrient_types VALUES (12, 'Protein labeling', 1);
INSERT INTO public.nutrient_types VALUES (13, 'Carbohydrate', 1);
INSERT INTO public.nutrient_types VALUES (14, 'Available carbohydrates in monosaccharide equivalent', 1);
INSERT INTO public.nutrient_types VALUES (15, 'Englyst fibre', 1);
INSERT INTO public.nutrient_types VALUES (16, 'Southgate fibre', 1);
INSERT INTO public.nutrient_types VALUES (17, 'Dietary fibre (g)     ', 1);
INSERT INTO public.nutrient_types VALUES (18, 'Fibre, water-insoluble', 1);
INSERT INTO public.nutrient_types VALUES (19, 'Fibre, water-soluble', 1);
INSERT INTO public.nutrient_types VALUES (20, 'Alcohol', 1);
INSERT INTO public.nutrient_types VALUES (21, 'Starch', 1);
INSERT INTO public.nutrient_types VALUES (22, 'Total sugars', 1);
INSERT INTO public.nutrient_types VALUES (23, 'Non-milk extrinsic sugars', 1);
INSERT INTO public.nutrient_types VALUES (24, 'Intrinsic and milk sugars', 1);
INSERT INTO public.nutrient_types VALUES (25, 'Glucose', 1);
INSERT INTO public.nutrient_types VALUES (26, 'Fructose', 1);
INSERT INTO public.nutrient_types VALUES (27, 'Sucrose', 1);
INSERT INTO public.nutrient_types VALUES (28, 'Maltose', 1);
INSERT INTO public.nutrient_types VALUES (29, 'Lactose', 1);
INSERT INTO public.nutrient_types VALUES (30, 'Other sugars (UK)', 1);
INSERT INTO public.nutrient_types VALUES (31, 'Other Sugars (DK)', 1);
INSERT INTO public.nutrient_types VALUES (32, 'Total CH expressed as monosaccarides (g)', 1);
INSERT INTO public.nutrient_types VALUES (33, 'Mono + disaccarides (g)', 1);
INSERT INTO public.nutrient_types VALUES (34, 'Galactose', 1);
INSERT INTO public.nutrient_types VALUES (35, 'Monosaccharider, total', 1);
INSERT INTO public.nutrient_types VALUES (36, 'Disaccharider, total', 1);
INSERT INTO public.nutrient_types VALUES (37, 'Raffinose', 1);
INSERT INTO public.nutrient_types VALUES (38, 'Sorbitol', 1);
INSERT INTO public.nutrient_types VALUES (39, 'Sugar alcohols, total', 1);
INSERT INTO public.nutrient_types VALUES (40, '(a)Hexoses', 1);
INSERT INTO public.nutrient_types VALUES (41, '(b)Pentoses', 1);
INSERT INTO public.nutrient_types VALUES (42, '(c)UronicAcids', 1);
INSERT INTO public.nutrient_types VALUES (43, 'Cellulose', 1);
INSERT INTO public.nutrient_types VALUES (44, 'Lignin', 1);
INSERT INTO public.nutrient_types VALUES (45, 'Crude fibre', 1);
INSERT INTO public.nutrient_types VALUES (46, 'Neutr.Det.Fibre (NDF)', 1);
INSERT INTO public.nutrient_types VALUES (47, 'Organic acids (g)', 1);
INSERT INTO public.nutrient_types VALUES (48, 'Oligosaccarides (g)', 1);
INSERT INTO public.nutrient_types VALUES (49, 'Fat', 1);
INSERT INTO public.nutrient_types VALUES (50, 'Satd FA', 1);
INSERT INTO public.nutrient_types VALUES (51, 'Monounsaturated fatty acids (g)', 1);
INSERT INTO public.nutrient_types VALUES (52, 'Polyunsaturated fatty acids (g)', 1);
INSERT INTO public.nutrient_types VALUES (53, 'Sum n-3 fatty acids', 1);
INSERT INTO public.nutrient_types VALUES (54, 'Sum n-6 fatty acids', 1);
INSERT INTO public.nutrient_types VALUES (55, 'Cis-Mon FA', 1);
INSERT INTO public.nutrient_types VALUES (56, 'Cis-n3 FA', 1);
INSERT INTO public.nutrient_types VALUES (57, 'Cis-n6 FA', 1);
INSERT INTO public.nutrient_types VALUES (58, 'Trans FA', 1);
INSERT INTO public.nutrient_types VALUES (59, 'Cholesterol', 1);
INSERT INTO public.nutrient_types VALUES (60, 'Fatty acid 18:3 omega-3', 1);
INSERT INTO public.nutrient_types VALUES (61, 'Fatty acid 20:4 omega-3', 1);
INSERT INTO public.nutrient_types VALUES (62, 'Fatty acid 20:5 omega-3', 1);
INSERT INTO public.nutrient_types VALUES (63, 'Fatty acid 22:5 omega-3', 1);
INSERT INTO public.nutrient_types VALUES (64, 'Fatty acid 22:6 omega-3', 1);
INSERT INTO public.nutrient_types VALUES (65, 'Fatty acid cis, trans 18:2 omega-9, 11', 1);
INSERT INTO public.nutrient_types VALUES (66, 'Fatty acid cis,cis 18:2 omega-6', 1);
INSERT INTO public.nutrient_types VALUES (67, 'Fatty acids, total long chain polyunsaturated omega-3', 1);
INSERT INTO public.nutrient_types VALUES (68, 'Fatty acids, total polyunsaturated omega-3', 1);
INSERT INTO public.nutrient_types VALUES (69, 'Fatty acids, total polyunsaturated omega-6', 1);
INSERT INTO public.nutrient_types VALUES (70, 'C4:0', 1);
INSERT INTO public.nutrient_types VALUES (71, 'C6:0', 1);
INSERT INTO public.nutrient_types VALUES (72, 'C8:0', 1);
INSERT INTO public.nutrient_types VALUES (73, 'C10:0', 1);
INSERT INTO public.nutrient_types VALUES (74, 'C12:0', 1);
INSERT INTO public.nutrient_types VALUES (75, 'C14:0', 1);
INSERT INTO public.nutrient_types VALUES (76, 'C15:0', 1);
INSERT INTO public.nutrient_types VALUES (77, 'C16:0', 1);
INSERT INTO public.nutrient_types VALUES (78, 'C17:0', 1);
INSERT INTO public.nutrient_types VALUES (79, 'C18:0', 1);
INSERT INTO public.nutrient_types VALUES (80, 'C20:0', 1);
INSERT INTO public.nutrient_types VALUES (81, 'C22:0', 1);
INSERT INTO public.nutrient_types VALUES (82, 'C24:0', 1);
INSERT INTO public.nutrient_types VALUES (83, 'Saturated F.A., other', 1);
INSERT INTO public.nutrient_types VALUES (84, 'C14:1,n-5', 1);
INSERT INTO public.nutrient_types VALUES (85, 'C15:1', 1);
INSERT INTO public.nutrient_types VALUES (86, 'C16:1,n-7', 1);
INSERT INTO public.nutrient_types VALUES (87, 'C16:1,trans', 1);
INSERT INTO public.nutrient_types VALUES (88, 'C17:1,n-7', 1);
INSERT INTO public.nutrient_types VALUES (89, 'C18:1,n-9', 1);
INSERT INTO public.nutrient_types VALUES (90, 'C18:1,n-7', 1);
INSERT INTO public.nutrient_types VALUES (91, 'C18:1,trans n-9', 1);
INSERT INTO public.nutrient_types VALUES (92, 'C20:1,n-9', 1);
INSERT INTO public.nutrient_types VALUES (93, 'C20:1,n-11', 1);
INSERT INTO public.nutrient_types VALUES (94, 'C20:1,trans', 1);
INSERT INTO public.nutrient_types VALUES (95, 'C22:1,n-9', 1);
INSERT INTO public.nutrient_types VALUES (96, 'C22:1,n-11', 1);
INSERT INTO public.nutrient_types VALUES (97, 'C22:1,trans', 1);
INSERT INTO public.nutrient_types VALUES (98, 'C24:1,n-9', 1);
INSERT INTO public.nutrient_types VALUES (99, 'Other monounsaturated.', 1);
INSERT INTO public.nutrient_types VALUES (100, 'C18:2,n-6', 1);
INSERT INTO public.nutrient_types VALUES (101, 'C18: 2 conj-A, undifferentiated', 1);
INSERT INTO public.nutrient_types VALUES (102, 'C18: 2, trans, undifferentiated', 1);
INSERT INTO public.nutrient_types VALUES (103, 'C18:3,n-3', 1);
INSERT INTO public.nutrient_types VALUES (104, 'C18:3,n-6', 1);
INSERT INTO public.nutrient_types VALUES (105, 'C18:4,n-3', 1);
INSERT INTO public.nutrient_types VALUES (106, 'C20:2,n-6', 1);
INSERT INTO public.nutrient_types VALUES (107, 'C20:4,n-3', 1);
INSERT INTO public.nutrient_types VALUES (108, 'C20:3,n-3', 1);
INSERT INTO public.nutrient_types VALUES (109, 'C20:3,n-6', 1);
INSERT INTO public.nutrient_types VALUES (110, 'C20:4,n-6', 1);
INSERT INTO public.nutrient_types VALUES (111, 'C20:5,n-3', 1);
INSERT INTO public.nutrient_types VALUES (112, 'C22:5,n-3', 1);
INSERT INTO public.nutrient_types VALUES (113, 'C22:6,n-3', 1);
INSERT INTO public.nutrient_types VALUES (114, 'Retinol', 1);
INSERT INTO public.nutrient_types VALUES (115, 'Total carotene', 1);
INSERT INTO public.nutrient_types VALUES (116, 'Alpha-carotene', 1);
INSERT INTO public.nutrient_types VALUES (117, 'Beta-carotene', 1);
INSERT INTO public.nutrient_types VALUES (118, 'Beta-carotene equivalents', 1);
INSERT INTO public.nutrient_types VALUES (119, 'Beta cryptoxanthin', 1);
INSERT INTO public.nutrient_types VALUES (120, 'Vitamin A', 1);
INSERT INTO public.nutrient_types VALUES (121, 'Vitamin A Retionol equivelents', 1);
INSERT INTO public.nutrient_types VALUES (122, 'Vitamin D', 1);
INSERT INTO public.nutrient_types VALUES (123, 'Thiamin', 1);
INSERT INTO public.nutrient_types VALUES (124, 'Riboflavin', 1);
INSERT INTO public.nutrient_types VALUES (125, 'Niacin', 1);
INSERT INTO public.nutrient_types VALUES (126, 'Tryptophan/60', 1);
INSERT INTO public.nutrient_types VALUES (127, 'Tryptophan', 1);
INSERT INTO public.nutrient_types VALUES (128, 'Niacin equivalent', 1);
INSERT INTO public.nutrient_types VALUES (129, 'Vitamin C', 1);
INSERT INTO public.nutrient_types VALUES (130, 'Vitamin E', 1);
INSERT INTO public.nutrient_types VALUES (131, 'Vitamin E, alpha-tocopherol equivalents', 1);
INSERT INTO public.nutrient_types VALUES (132, 'Vitamin B6', 1);
INSERT INTO public.nutrient_types VALUES (133, 'Vitamin B12', 1);
INSERT INTO public.nutrient_types VALUES (134, 'Folate', 1);
INSERT INTO public.nutrient_types VALUES (135, 'Folate food, naturally occurring food folates', 1);
INSERT INTO public.nutrient_types VALUES (136, 'Pantothenic acid', 1);
INSERT INTO public.nutrient_types VALUES (137, 'Biotin', 1);
INSERT INTO public.nutrient_types VALUES (138, 'Sodium', 1);
INSERT INTO public.nutrient_types VALUES (139, 'Potassium', 1);
INSERT INTO public.nutrient_types VALUES (140, 'Calcium', 1);
INSERT INTO public.nutrient_types VALUES (141, 'Magnesium', 1);
INSERT INTO public.nutrient_types VALUES (142, 'Phosphorus', 1);
INSERT INTO public.nutrient_types VALUES (143, 'Iron', 1);
INSERT INTO public.nutrient_types VALUES (144, 'Haem iron', 1);
INSERT INTO public.nutrient_types VALUES (145, 'Non-haem iron', 1);
INSERT INTO public.nutrient_types VALUES (146, 'Copper', 1);
INSERT INTO public.nutrient_types VALUES (147, 'Zinc', 1);
INSERT INTO public.nutrient_types VALUES (148, 'Chloride', 1);
INSERT INTO public.nutrient_types VALUES (149, 'Iodine', 1);
INSERT INTO public.nutrient_types VALUES (150, 'Iodide', 1);
INSERT INTO public.nutrient_types VALUES (151, 'Manganese', 1);
INSERT INTO public.nutrient_types VALUES (152, 'Selenium', 1);
INSERT INTO public.nutrient_types VALUES (153, 'Linoleic acid (g)', 1);
INSERT INTO public.nutrient_types VALUES (154, 'NaCl (mg)', 1);
INSERT INTO public.nutrient_types VALUES (155, 'a-Tocopherol (mg)', 1);
INSERT INTO public.nutrient_types VALUES (156, 'Beta-tocopherol', 1);
INSERT INTO public.nutrient_types VALUES (157, 'Ash (g)', 1);
INSERT INTO public.nutrient_types VALUES (158, 'Caffeine', 1);
INSERT INTO public.nutrient_types VALUES (159, 'Carbohydrate by difference, FSANZ', 1);
INSERT INTO public.nutrient_types VALUES (160, 'Delta-tocopherol', 1);
INSERT INTO public.nutrient_types VALUES (161, 'Gamma-tocopherol', 1);
INSERT INTO public.nutrient_types VALUES (162, 'Dietary folate equivalents', 1);
INSERT INTO public.nutrient_types VALUES (163, 'Folic acid, synthetic folic acid', 1);
INSERT INTO public.nutrient_types VALUES (164, 'Niacin equivalents from tryptophan', 1);
INSERT INTO public.nutrient_types VALUES (165, 'Total carbohydrate by difference', 1);
INSERT INTO public.nutrient_types VALUES (166, 'Carbohydrate, available', 1);
INSERT INTO public.nutrient_types VALUES (167, 'Available carbohydrate by difference', 1);
INSERT INTO public.nutrient_types VALUES (168, 'Available carbohydrates by weight', 1);
INSERT INTO public.nutrient_types VALUES (169, 'Total carbohydrates by summation', 1);
INSERT INTO public.nutrient_types VALUES (170, 'Carbohydrate, labeling', 1);
INSERT INTO public.nutrient_types VALUES (171, 'Added sugar', 1);
INSERT INTO public.nutrient_types VALUES (172, 'Fatty acid conversion factor (FCF)', 1);
INSERT INTO public.nutrient_types VALUES (173, 'Dry matter', 1);
INSERT INTO public.nutrient_types VALUES (174, 'D3 cholecalciferol', 1);
INSERT INTO public.nutrient_types VALUES (175, '25-hydroxycholecalciferol', 1);
INSERT INTO public.nutrient_types VALUES (176, 'alpha-tocotrienol', 1);
INSERT INTO public.nutrient_types VALUES (177, 'Vitamin K1', 1);
INSERT INTO public.nutrient_types VALUES (178, 'Vitamin B1', 1);
INSERT INTO public.nutrient_types VALUES (179, 'HET, hydroxyethyl thiazole', 1);
INSERT INTO public.nutrient_types VALUES (180, 'Free folate', 1);
INSERT INTO public.nutrient_types VALUES (181, 'L-ascorbic acid', 1);
INSERT INTO public.nutrient_types VALUES (182, 'L-dehydroascorbic', 1);
INSERT INTO public.nutrient_types VALUES (183, 'Chromium, Cr', 1);
INSERT INTO public.nutrient_types VALUES (184, 'Molybdenum, Mo', 1);
INSERT INTO public.nutrient_types VALUES (185, 'Cobalt, Co.', 1);
INSERT INTO public.nutrient_types VALUES (186, 'Nickel, Ni', 1);
INSERT INTO public.nutrient_types VALUES (187, 'Mercury, Hg', 1);
INSERT INTO public.nutrient_types VALUES (188, 'Arsenic, As', 1);
INSERT INTO public.nutrient_types VALUES (189, 'Cadmium, Cd', 1);
INSERT INTO public.nutrient_types VALUES (190, 'Lead, Pb', 1);
INSERT INTO public.nutrient_types VALUES (191, 'Tin, Sn', 1);
INSERT INTO public.nutrient_types VALUES (192, 'L-lactic acid', 1);
INSERT INTO public.nutrient_types VALUES (193, 'D-lactic acid', 1);
INSERT INTO public.nutrient_types VALUES (194, 'Lactic acid, total', 1);
INSERT INTO public.nutrient_types VALUES (195, 'Citric acid', 1);
INSERT INTO public.nutrient_types VALUES (196, 'Oxalic acid', 1);
INSERT INTO public.nutrient_types VALUES (197, 'Malic Acid', 1);
INSERT INTO public.nutrient_types VALUES (198, 'Acetic Acid', 1);
INSERT INTO public.nutrient_types VALUES (199, 'Benzoic acid', 1);
INSERT INTO public.nutrient_types VALUES (200, 'Histamine', 1);
INSERT INTO public.nutrient_types VALUES (201, 'Tyramine', 1);
INSERT INTO public.nutrient_types VALUES (202, 'Phenylethylamine', 1);
INSERT INTO public.nutrient_types VALUES (203, 'Putrescin', 1);
INSERT INTO public.nutrient_types VALUES (204, 'Cadaverine', 1);
INSERT INTO public.nutrient_types VALUES (205, 'Spermine', 1);
INSERT INTO public.nutrient_types VALUES (206, 'Spermidine', 1);
INSERT INTO public.nutrient_types VALUES (207, 'Serotonin', 1);
INSERT INTO public.nutrient_types VALUES (208, 'Other polyunsaturated', 1);
INSERT INTO public.nutrient_types VALUES (209, 'Other fatty acids', 1);
INSERT INTO public.nutrient_types VALUES (210, 'Fatty acids, total', 1);
INSERT INTO public.nutrient_types VALUES (211, 'Isoleucine', 1);
INSERT INTO public.nutrient_types VALUES (212, 'Leucine', 1);
INSERT INTO public.nutrient_types VALUES (213, 'Lysine', 1);
INSERT INTO public.nutrient_types VALUES (214, 'Methionine', 1);
INSERT INTO public.nutrient_types VALUES (215, 'Cystine', 1);
INSERT INTO public.nutrient_types VALUES (216, 'Phenylalanine', 1);
INSERT INTO public.nutrient_types VALUES (217, 'Tyrosine', 1);
INSERT INTO public.nutrient_types VALUES (218, 'Threonine', 1);
INSERT INTO public.nutrient_types VALUES (219, 'Valin', 1);
INSERT INTO public.nutrient_types VALUES (220, 'Arginine', 1);
INSERT INTO public.nutrient_types VALUES (221, 'Histidine', 1);
INSERT INTO public.nutrient_types VALUES (222, 'Alanine', 1);
INSERT INTO public.nutrient_types VALUES (223, 'Aspartic acid', 1);
INSERT INTO public.nutrient_types VALUES (224, 'Glutamic acid', 1);
INSERT INTO public.nutrient_types VALUES (225, 'Glycine', 1);
INSERT INTO public.nutrient_types VALUES (226, 'Proline', 1);
INSERT INTO public.nutrient_types VALUES (227, 'Serin', 1);
INSERT INTO public.nutrient_types VALUES (228, 'CO₂ emissions', 1);
INSERT INTO public.nutrient_types VALUES (229, 'Free sugars', 1);
INSERT INTO public.nutrient_types VALUES (230, 'Folic acid', 3);
INSERT INTO public.nutrient_types VALUES (231, 'Alpha-linolenic acid', 1);
INSERT INTO public.nutrient_types VALUES (232, 'Total long chain omega 3 fatty acids', 2);
INSERT INTO public.nutrient_types VALUES (233, 'Total trans fatty acids', 2);
INSERT INTO public.nutrient_types VALUES (234, 'Moisture', 1);
INSERT INTO public.nutrient_types VALUES (235, 'C20:5w3 Eicosapentaenoic', 2);
INSERT INTO public.nutrient_types VALUES (236, 'C22:5w3 Docosapentaenoic', 2);
INSERT INTO public.nutrient_types VALUES (237, 'C22:6w3 Docosahexaenoic', 2);
INSERT INTO public.nutrient_types VALUES (238, 'Energy, with dietary fibre', 5);
INSERT INTO public.nutrient_types VALUES (239, 'Available carbohydrates, with sugar alcohols', 1);
INSERT INTO public.nutrient_types VALUES (240, 'Available carbohydrates, without sugar alcohol', 1);
INSERT INTO public.nutrient_types VALUES (241, 'Vitamin A', 6);
INSERT INTO public.nutrient_types VALUES (242, 'AOAC', 1);
INSERT INTO public.nutrient_types VALUES (243, 'FS Table sugar', 1);
INSERT INTO public.nutrient_types VALUES (244, 'FS Other Added Sugar', 1);
INSERT INTO public.nutrient_types VALUES (245, 'FS Honey', 1);
INSERT INTO public.nutrient_types VALUES (246, 'FS Fruit Juice', 1);
INSERT INTO public.nutrient_types VALUES (247, 'FS Dried Fruit', 1);
INSERT INTO public.nutrient_types VALUES (248, 'FS Fruit Puree', 1);
INSERT INTO public.nutrient_types VALUES (249, 'FS Stewed Fruit', 1);
INSERT INTO public.nutrient_types VALUES (250, 'FS Vegetable Puree', 1);
INSERT INTO public.nutrient_types VALUES (251, 'Total FS', 1);
INSERT INTO public.nutrient_types VALUES (252, 'Fruit', 1);
INSERT INTO public.nutrient_types VALUES (253, 'Dried fruit', 1);
INSERT INTO public.nutrient_types VALUES (254, 'Fruit juice', 1);
INSERT INTO public.nutrient_types VALUES (255, 'Smoothie fruit', 1);
INSERT INTO public.nutrient_types VALUES (256, 'Tomatoes', 1);
INSERT INTO public.nutrient_types VALUES (257, 'Tomato puree', 1);
INSERT INTO public.nutrient_types VALUES (258, 'Brassicaceae', 1);
INSERT INTO public.nutrient_types VALUES (259, 'Yellow Red Green', 1);
INSERT INTO public.nutrient_types VALUES (260, 'Beans', 1);
INSERT INTO public.nutrient_types VALUES (261, 'Nuts', 1);
INSERT INTO public.nutrient_types VALUES (262, 'Other Vegetables', 1);
INSERT INTO public.nutrient_types VALUES (263, 'Beef', 1);
INSERT INTO public.nutrient_types VALUES (264, 'Lamb', 1);
INSERT INTO public.nutrient_types VALUES (265, 'Pork', 1);
INSERT INTO public.nutrient_types VALUES (266, 'Processed Red Meat', 1);
INSERT INTO public.nutrient_types VALUES (267, 'Other Red Meat', 1);
INSERT INTO public.nutrient_types VALUES (268, 'Burgers', 1);
INSERT INTO public.nutrient_types VALUES (269, 'Sausages', 1);
INSERT INTO public.nutrient_types VALUES (270, 'Offal', 1);
INSERT INTO public.nutrient_types VALUES (271, 'Poultry', 1);
INSERT INTO public.nutrient_types VALUES (272, 'Processed Poultry', 1);
INSERT INTO public.nutrient_types VALUES (273, 'Game Birds', 1);
INSERT INTO public.nutrient_types VALUES (274, 'White Fish', 1);
INSERT INTO public.nutrient_types VALUES (275, 'Oily Fish', 1);
INSERT INTO public.nutrient_types VALUES (276, 'Canned Tuna', 1);
INSERT INTO public.nutrient_types VALUES (277, 'Shellfish', 1);
INSERT INTO public.nutrient_types VALUES (278, 'Cottage Cheese', 1);
INSERT INTO public.nutrient_types VALUES (279, 'Cheddar Cheese', 1);
INSERT INTO public.nutrient_types VALUES (280, 'Other Cheese', 1);


--
-- Data for Name: local_nutrient_types; Type: TABLE DATA; Schema: public; Owner: -
--

INSERT INTO public.local_nutrient_types VALUES (1, 'en_GB', 1);
INSERT INTO public.local_nutrient_types VALUES (2, 'en_GB', 49);
INSERT INTO public.local_nutrient_types VALUES (3, 'en_GB', 50);
INSERT INTO public.local_nutrient_types VALUES (4, 'en_GB', 11);
INSERT INTO public.local_nutrient_types VALUES (5, 'en_GB', 13);
INSERT INTO public.local_nutrient_types VALUES (6, 'en_GB', 22);
INSERT INTO public.local_nutrient_types VALUES (7, 'en_GB', 23);
INSERT INTO public.local_nutrient_types VALUES (8, 'en_GB', 20);
INSERT INTO public.local_nutrient_types VALUES (9, 'en_GB', 18);
INSERT INTO public.local_nutrient_types VALUES (10, 'en_GB', 19);
INSERT INTO public.local_nutrient_types VALUES (11, 'en_GB', 129);
INSERT INTO public.local_nutrient_types VALUES (12, 'en_GB', 140);
INSERT INTO public.local_nutrient_types VALUES (13, 'en_GB', 143);
INSERT INTO public.local_nutrient_types VALUES (14, 'en_GB', 116);
INSERT INTO public.local_nutrient_types VALUES (15, 'en_GB', 119);
INSERT INTO public.local_nutrient_types VALUES (16, 'en_GB', 117);
INSERT INTO public.local_nutrient_types VALUES (17, 'en_GB', 137);
INSERT INTO public.local_nutrient_types VALUES (18, 'en_GB', 148);
INSERT INTO public.local_nutrient_types VALUES (19, 'en_GB', 59);
INSERT INTO public.local_nutrient_types VALUES (20, 'en_GB', 55);
INSERT INTO public.local_nutrient_types VALUES (21, 'en_GB', 56);
INSERT INTO public.local_nutrient_types VALUES (22, 'en_GB', 57);
INSERT INTO public.local_nutrient_types VALUES (23, 'en_GB', 146);
INSERT INTO public.local_nutrient_types VALUES (24, 'en_GB', 2);
INSERT INTO public.local_nutrient_types VALUES (25, 'en_GB', 15);
INSERT INTO public.local_nutrient_types VALUES (26, 'en_GB', 134);
INSERT INTO public.local_nutrient_types VALUES (27, 'en_GB', 26);
INSERT INTO public.local_nutrient_types VALUES (28, 'en_GB', 25);
INSERT INTO public.local_nutrient_types VALUES (29, 'en_GB', 144);
INSERT INTO public.local_nutrient_types VALUES (30, 'en_GB', 24);
INSERT INTO public.local_nutrient_types VALUES (31, 'en_GB', 149);
INSERT INTO public.local_nutrient_types VALUES (32, 'en_GB', 29);
INSERT INTO public.local_nutrient_types VALUES (33, 'en_GB', 141);
INSERT INTO public.local_nutrient_types VALUES (34, 'en_GB', 28);
INSERT INTO public.local_nutrient_types VALUES (35, 'en_GB', 151);
INSERT INTO public.local_nutrient_types VALUES (36, 'en_GB', 125);
INSERT INTO public.local_nutrient_types VALUES (37, 'en_GB', 128);
INSERT INTO public.local_nutrient_types VALUES (38, 'en_GB', 10);
INSERT INTO public.local_nutrient_types VALUES (39, 'en_GB', 145);
INSERT INTO public.local_nutrient_types VALUES (40, 'en_GB', 30);
INSERT INTO public.local_nutrient_types VALUES (41, 'en_GB', 136);
INSERT INTO public.local_nutrient_types VALUES (42, 'en_GB', 142);
INSERT INTO public.local_nutrient_types VALUES (43, 'en_GB', 139);
INSERT INTO public.local_nutrient_types VALUES (44, 'en_GB', 114);
INSERT INTO public.local_nutrient_types VALUES (45, 'en_GB', 124);
INSERT INTO public.local_nutrient_types VALUES (46, 'en_GB', 152);
INSERT INTO public.local_nutrient_types VALUES (47, 'en_GB', 138);
INSERT INTO public.local_nutrient_types VALUES (48, 'en_GB', 16);
INSERT INTO public.local_nutrient_types VALUES (49, 'en_GB', 21);
INSERT INTO public.local_nutrient_types VALUES (50, 'en_GB', 27);
INSERT INTO public.local_nutrient_types VALUES (51, 'en_GB', 123);
INSERT INTO public.local_nutrient_types VALUES (52, 'en_GB', 115);
INSERT INTO public.local_nutrient_types VALUES (53, 'en_GB', 9);
INSERT INTO public.local_nutrient_types VALUES (54, 'en_GB', 58);
INSERT INTO public.local_nutrient_types VALUES (55, 'en_GB', 126);
INSERT INTO public.local_nutrient_types VALUES (56, 'en_GB', 120);
INSERT INTO public.local_nutrient_types VALUES (57, 'en_GB', 133);
INSERT INTO public.local_nutrient_types VALUES (58, 'en_GB', 132);
INSERT INTO public.local_nutrient_types VALUES (59, 'en_GB', 122);
INSERT INTO public.local_nutrient_types VALUES (60, 'en_GB', 130);
INSERT INTO public.local_nutrient_types VALUES (61, 'en_GB', 8);
INSERT INTO public.local_nutrient_types VALUES (62, 'en_GB', 147);
INSERT INTO public.local_nutrient_types VALUES (63, 'pt_PT', 1);
INSERT INTO public.local_nutrient_types VALUES (64, 'pt_PT', 49);
INSERT INTO public.local_nutrient_types VALUES (65, 'pt_PT', 50);
INSERT INTO public.local_nutrient_types VALUES (66, 'pt_PT', 11);
INSERT INTO public.local_nutrient_types VALUES (67, 'pt_PT', 13);
INSERT INTO public.local_nutrient_types VALUES (68, 'pt_PT', 22);
INSERT INTO public.local_nutrient_types VALUES (69, 'pt_PT', 23);
INSERT INTO public.local_nutrient_types VALUES (70, 'pt_PT', 20);
INSERT INTO public.local_nutrient_types VALUES (71, 'pt_PT', 18);
INSERT INTO public.local_nutrient_types VALUES (72, 'pt_PT', 19);
INSERT INTO public.local_nutrient_types VALUES (73, 'pt_PT', 129);
INSERT INTO public.local_nutrient_types VALUES (74, 'pt_PT', 140);
INSERT INTO public.local_nutrient_types VALUES (75, 'pt_PT', 143);
INSERT INTO public.local_nutrient_types VALUES (76, 'pt_PT', 155);
INSERT INTO public.local_nutrient_types VALUES (77, 'pt_PT', 116);
INSERT INTO public.local_nutrient_types VALUES (78, 'pt_PT', 157);
INSERT INTO public.local_nutrient_types VALUES (79, 'pt_PT', 119);
INSERT INTO public.local_nutrient_types VALUES (80, 'pt_PT', 117);
INSERT INTO public.local_nutrient_types VALUES (81, 'pt_PT', 137);
INSERT INTO public.local_nutrient_types VALUES (82, 'pt_PT', 148);
INSERT INTO public.local_nutrient_types VALUES (83, 'pt_PT', 59);
INSERT INTO public.local_nutrient_types VALUES (84, 'pt_PT', 55);
INSERT INTO public.local_nutrient_types VALUES (85, 'pt_PT', 56);
INSERT INTO public.local_nutrient_types VALUES (86, 'pt_PT', 57);
INSERT INTO public.local_nutrient_types VALUES (87, 'pt_PT', 146);
INSERT INTO public.local_nutrient_types VALUES (88, 'pt_PT', 17);
INSERT INTO public.local_nutrient_types VALUES (89, 'pt_PT', 2);
INSERT INTO public.local_nutrient_types VALUES (90, 'pt_PT', 15);
INSERT INTO public.local_nutrient_types VALUES (91, 'pt_PT', 134);
INSERT INTO public.local_nutrient_types VALUES (92, 'pt_PT', 26);
INSERT INTO public.local_nutrient_types VALUES (93, 'pt_PT', 25);
INSERT INTO public.local_nutrient_types VALUES (94, 'pt_PT', 144);
INSERT INTO public.local_nutrient_types VALUES (95, 'pt_PT', 24);
INSERT INTO public.local_nutrient_types VALUES (96, 'pt_PT', 149);
INSERT INTO public.local_nutrient_types VALUES (97, 'pt_PT', 29);
INSERT INTO public.local_nutrient_types VALUES (98, 'pt_PT', 153);
INSERT INTO public.local_nutrient_types VALUES (99, 'pt_PT', 141);
INSERT INTO public.local_nutrient_types VALUES (100, 'pt_PT', 28);
INSERT INTO public.local_nutrient_types VALUES (101, 'pt_PT', 151);
INSERT INTO public.local_nutrient_types VALUES (102, 'pt_PT', 33);
INSERT INTO public.local_nutrient_types VALUES (103, 'pt_PT', 51);
INSERT INTO public.local_nutrient_types VALUES (104, 'pt_PT', 154);
INSERT INTO public.local_nutrient_types VALUES (105, 'pt_PT', 125);
INSERT INTO public.local_nutrient_types VALUES (106, 'pt_PT', 128);
INSERT INTO public.local_nutrient_types VALUES (107, 'pt_PT', 10);
INSERT INTO public.local_nutrient_types VALUES (108, 'pt_PT', 145);
INSERT INTO public.local_nutrient_types VALUES (109, 'pt_PT', 48);
INSERT INTO public.local_nutrient_types VALUES (110, 'pt_PT', 47);
INSERT INTO public.local_nutrient_types VALUES (111, 'pt_PT', 30);
INSERT INTO public.local_nutrient_types VALUES (112, 'pt_PT', 136);
INSERT INTO public.local_nutrient_types VALUES (113, 'pt_PT', 142);
INSERT INTO public.local_nutrient_types VALUES (114, 'pt_PT', 52);
INSERT INTO public.local_nutrient_types VALUES (115, 'pt_PT', 139);
INSERT INTO public.local_nutrient_types VALUES (116, 'pt_PT', 114);
INSERT INTO public.local_nutrient_types VALUES (117, 'pt_PT', 124);
INSERT INTO public.local_nutrient_types VALUES (118, 'pt_PT', 152);
INSERT INTO public.local_nutrient_types VALUES (119, 'pt_PT', 138);
INSERT INTO public.local_nutrient_types VALUES (120, 'pt_PT', 16);
INSERT INTO public.local_nutrient_types VALUES (121, 'pt_PT', 21);
INSERT INTO public.local_nutrient_types VALUES (122, 'pt_PT', 27);
INSERT INTO public.local_nutrient_types VALUES (123, 'pt_PT', 123);
INSERT INTO public.local_nutrient_types VALUES (124, 'pt_PT', 115);
INSERT INTO public.local_nutrient_types VALUES (125, 'pt_PT', 32);
INSERT INTO public.local_nutrient_types VALUES (126, 'pt_PT', 9);
INSERT INTO public.local_nutrient_types VALUES (127, 'pt_PT', 58);
INSERT INTO public.local_nutrient_types VALUES (128, 'pt_PT', 126);
INSERT INTO public.local_nutrient_types VALUES (129, 'pt_PT', 120);
INSERT INTO public.local_nutrient_types VALUES (130, 'pt_PT', 121);
INSERT INTO public.local_nutrient_types VALUES (131, 'pt_PT', 133);
INSERT INTO public.local_nutrient_types VALUES (132, 'pt_PT', 132);
INSERT INTO public.local_nutrient_types VALUES (133, 'pt_PT', 122);
INSERT INTO public.local_nutrient_types VALUES (134, 'pt_PT', 130);
INSERT INTO public.local_nutrient_types VALUES (135, 'pt_PT', 8);
INSERT INTO public.local_nutrient_types VALUES (136, 'pt_PT', 147);
INSERT INTO public.local_nutrient_types VALUES (239, 'da_DK', 1);
INSERT INTO public.local_nutrient_types VALUES (240, 'da_DK', 49);
INSERT INTO public.local_nutrient_types VALUES (241, 'da_DK', 50);
INSERT INTO public.local_nutrient_types VALUES (242, 'da_DK', 11);
INSERT INTO public.local_nutrient_types VALUES (243, 'da_DK', 13);
INSERT INTO public.local_nutrient_types VALUES (244, 'da_DK', 22);
INSERT INTO public.local_nutrient_types VALUES (245, 'da_DK', 23);
INSERT INTO public.local_nutrient_types VALUES (246, 'da_DK', 20);
INSERT INTO public.local_nutrient_types VALUES (247, 'da_DK', 18);
INSERT INTO public.local_nutrient_types VALUES (248, 'da_DK', 19);
INSERT INTO public.local_nutrient_types VALUES (249, 'da_DK', 129);
INSERT INTO public.local_nutrient_types VALUES (250, 'da_DK', 140);
INSERT INTO public.local_nutrient_types VALUES (251, 'da_DK', 143);
INSERT INTO public.local_nutrient_types VALUES (252, 'da_DK', 40);
INSERT INTO public.local_nutrient_types VALUES (253, 'da_DK', 41);
INSERT INTO public.local_nutrient_types VALUES (254, 'da_DK', 42);
INSERT INTO public.local_nutrient_types VALUES (255, 'da_DK', 175);
INSERT INTO public.local_nutrient_types VALUES (256, 'da_DK', 155);
INSERT INTO public.local_nutrient_types VALUES (257, 'da_DK', 198);
INSERT INTO public.local_nutrient_types VALUES (258, 'da_DK', 171);
INSERT INTO public.local_nutrient_types VALUES (259, 'da_DK', 222);
INSERT INTO public.local_nutrient_types VALUES (260, 'da_DK', 116);
INSERT INTO public.local_nutrient_types VALUES (261, 'da_DK', 176);
INSERT INTO public.local_nutrient_types VALUES (262, 'da_DK', 220);
INSERT INTO public.local_nutrient_types VALUES (263, 'da_DK', 188);
INSERT INTO public.local_nutrient_types VALUES (264, 'da_DK', 157);
INSERT INTO public.local_nutrient_types VALUES (265, 'da_DK', 223);
INSERT INTO public.local_nutrient_types VALUES (266, 'da_DK', 199);
INSERT INTO public.local_nutrient_types VALUES (267, 'da_DK', 119);
INSERT INTO public.local_nutrient_types VALUES (268, 'da_DK', 117);
INSERT INTO public.local_nutrient_types VALUES (269, 'da_DK', 137);
INSERT INTO public.local_nutrient_types VALUES (270, 'da_DK', 73);
INSERT INTO public.local_nutrient_types VALUES (271, 'da_DK', 74);
INSERT INTO public.local_nutrient_types VALUES (272, 'da_DK', 75);
INSERT INTO public.local_nutrient_types VALUES (273, 'da_DK', 84);
INSERT INTO public.local_nutrient_types VALUES (274, 'da_DK', 76);
INSERT INTO public.local_nutrient_types VALUES (275, 'da_DK', 85);
INSERT INTO public.local_nutrient_types VALUES (276, 'da_DK', 77);
INSERT INTO public.local_nutrient_types VALUES (277, 'da_DK', 86);
INSERT INTO public.local_nutrient_types VALUES (278, 'da_DK', 87);
INSERT INTO public.local_nutrient_types VALUES (279, 'da_DK', 78);
INSERT INTO public.local_nutrient_types VALUES (280, 'da_DK', 88);
INSERT INTO public.local_nutrient_types VALUES (281, 'da_DK', 101);
INSERT INTO public.local_nutrient_types VALUES (282, 'da_DK', 102);
INSERT INTO public.local_nutrient_types VALUES (283, 'da_DK', 79);
INSERT INTO public.local_nutrient_types VALUES (284, 'da_DK', 90);
INSERT INTO public.local_nutrient_types VALUES (285, 'da_DK', 89);
INSERT INTO public.local_nutrient_types VALUES (286, 'da_DK', 91);
INSERT INTO public.local_nutrient_types VALUES (287, 'da_DK', 100);
INSERT INTO public.local_nutrient_types VALUES (288, 'da_DK', 103);
INSERT INTO public.local_nutrient_types VALUES (289, 'da_DK', 104);
INSERT INTO public.local_nutrient_types VALUES (290, 'da_DK', 105);
INSERT INTO public.local_nutrient_types VALUES (291, 'da_DK', 80);
INSERT INTO public.local_nutrient_types VALUES (292, 'da_DK', 93);
INSERT INTO public.local_nutrient_types VALUES (293, 'da_DK', 92);
INSERT INTO public.local_nutrient_types VALUES (294, 'da_DK', 94);
INSERT INTO public.local_nutrient_types VALUES (295, 'da_DK', 106);
INSERT INTO public.local_nutrient_types VALUES (296, 'da_DK', 108);
INSERT INTO public.local_nutrient_types VALUES (297, 'da_DK', 109);
INSERT INTO public.local_nutrient_types VALUES (298, 'da_DK', 107);
INSERT INTO public.local_nutrient_types VALUES (299, 'da_DK', 110);
INSERT INTO public.local_nutrient_types VALUES (300, 'da_DK', 111);
INSERT INTO public.local_nutrient_types VALUES (301, 'da_DK', 81);
INSERT INTO public.local_nutrient_types VALUES (302, 'da_DK', 96);
INSERT INTO public.local_nutrient_types VALUES (303, 'da_DK', 95);
INSERT INTO public.local_nutrient_types VALUES (304, 'da_DK', 97);
INSERT INTO public.local_nutrient_types VALUES (305, 'da_DK', 112);
INSERT INTO public.local_nutrient_types VALUES (306, 'da_DK', 113);
INSERT INTO public.local_nutrient_types VALUES (307, 'da_DK', 82);
INSERT INTO public.local_nutrient_types VALUES (308, 'da_DK', 98);
INSERT INTO public.local_nutrient_types VALUES (309, 'da_DK', 70);
INSERT INTO public.local_nutrient_types VALUES (310, 'da_DK', 71);
INSERT INTO public.local_nutrient_types VALUES (311, 'da_DK', 72);
INSERT INTO public.local_nutrient_types VALUES (312, 'da_DK', 204);
INSERT INTO public.local_nutrient_types VALUES (313, 'da_DK', 189);
INSERT INTO public.local_nutrient_types VALUES (314, 'da_DK', 166);
INSERT INTO public.local_nutrient_types VALUES (315, 'da_DK', 170);
INSERT INTO public.local_nutrient_types VALUES (316, 'da_DK', 43);
INSERT INTO public.local_nutrient_types VALUES (317, 'da_DK', 148);
INSERT INTO public.local_nutrient_types VALUES (318, 'da_DK', 59);
INSERT INTO public.local_nutrient_types VALUES (319, 'da_DK', 183);
INSERT INTO public.local_nutrient_types VALUES (320, 'da_DK', 55);
INSERT INTO public.local_nutrient_types VALUES (321, 'da_DK', 56);
INSERT INTO public.local_nutrient_types VALUES (322, 'da_DK', 57);
INSERT INTO public.local_nutrient_types VALUES (323, 'da_DK', 195);
INSERT INTO public.local_nutrient_types VALUES (324, 'da_DK', 185);
INSERT INTO public.local_nutrient_types VALUES (325, 'da_DK', 146);
INSERT INTO public.local_nutrient_types VALUES (326, 'da_DK', 45);
INSERT INTO public.local_nutrient_types VALUES (327, 'da_DK', 215);
INSERT INTO public.local_nutrient_types VALUES (328, 'da_DK', 193);
INSERT INTO public.local_nutrient_types VALUES (329, 'da_DK', 174);
INSERT INTO public.local_nutrient_types VALUES (330, 'da_DK', 160);
INSERT INTO public.local_nutrient_types VALUES (331, 'da_DK', 17);
INSERT INTO public.local_nutrient_types VALUES (332, 'da_DK', 36);
INSERT INTO public.local_nutrient_types VALUES (333, 'da_DK', 173);
INSERT INTO public.local_nutrient_types VALUES (334, 'da_DK', 2);
INSERT INTO public.local_nutrient_types VALUES (335, 'da_DK', 15);
INSERT INTO public.local_nutrient_types VALUES (336, 'da_DK', 172);
INSERT INTO public.local_nutrient_types VALUES (337, 'da_DK', 210);
INSERT INTO public.local_nutrient_types VALUES (338, 'da_DK', 134);
INSERT INTO public.local_nutrient_types VALUES (339, 'da_DK', 180);
INSERT INTO public.local_nutrient_types VALUES (340, 'da_DK', 26);
INSERT INTO public.local_nutrient_types VALUES (341, 'da_DK', 34);
INSERT INTO public.local_nutrient_types VALUES (342, 'da_DK', 161);
INSERT INTO public.local_nutrient_types VALUES (343, 'da_DK', 25);
INSERT INTO public.local_nutrient_types VALUES (344, 'da_DK', 224);
INSERT INTO public.local_nutrient_types VALUES (345, 'da_DK', 225);
INSERT INTO public.local_nutrient_types VALUES (346, 'da_DK', 144);
INSERT INTO public.local_nutrient_types VALUES (347, 'da_DK', 179);
INSERT INTO public.local_nutrient_types VALUES (348, 'da_DK', 200);
INSERT INTO public.local_nutrient_types VALUES (349, 'da_DK', 221);
INSERT INTO public.local_nutrient_types VALUES (350, 'da_DK', 24);
INSERT INTO public.local_nutrient_types VALUES (351, 'da_DK', 149);
INSERT INTO public.local_nutrient_types VALUES (352, 'da_DK', 211);
INSERT INTO public.local_nutrient_types VALUES (353, 'da_DK', 181);
INSERT INTO public.local_nutrient_types VALUES (354, 'da_DK', 182);
INSERT INTO public.local_nutrient_types VALUES (355, 'da_DK', 192);
INSERT INTO public.local_nutrient_types VALUES (356, 'da_DK', 194);
INSERT INTO public.local_nutrient_types VALUES (357, 'da_DK', 29);
INSERT INTO public.local_nutrient_types VALUES (358, 'da_DK', 190);
INSERT INTO public.local_nutrient_types VALUES (359, 'da_DK', 212);
INSERT INTO public.local_nutrient_types VALUES (360, 'da_DK', 44);
INSERT INTO public.local_nutrient_types VALUES (361, 'da_DK', 213);
INSERT INTO public.local_nutrient_types VALUES (362, 'da_DK', 141);
INSERT INTO public.local_nutrient_types VALUES (363, 'da_DK', 197);
INSERT INTO public.local_nutrient_types VALUES (364, 'da_DK', 28);
INSERT INTO public.local_nutrient_types VALUES (365, 'da_DK', 151);
INSERT INTO public.local_nutrient_types VALUES (366, 'da_DK', 187);
INSERT INTO public.local_nutrient_types VALUES (367, 'da_DK', 214);
INSERT INTO public.local_nutrient_types VALUES (368, 'da_DK', 184);
INSERT INTO public.local_nutrient_types VALUES (369, 'da_DK', 35);
INSERT INTO public.local_nutrient_types VALUES (370, 'da_DK', 51);
INSERT INTO public.local_nutrient_types VALUES (371, 'da_DK', 46);
INSERT INTO public.local_nutrient_types VALUES (372, 'da_DK', 125);
INSERT INTO public.local_nutrient_types VALUES (373, 'da_DK', 128);
INSERT INTO public.local_nutrient_types VALUES (374, 'da_DK', 186);
INSERT INTO public.local_nutrient_types VALUES (375, 'da_DK', 10);
INSERT INTO public.local_nutrient_types VALUES (376, 'da_DK', 145);
INSERT INTO public.local_nutrient_types VALUES (377, 'da_DK', 47);
INSERT INTO public.local_nutrient_types VALUES (378, 'da_DK', 209);
INSERT INTO public.local_nutrient_types VALUES (379, 'da_DK', 99);
INSERT INTO public.local_nutrient_types VALUES (380, 'da_DK', 208);
INSERT INTO public.local_nutrient_types VALUES (381, 'da_DK', 31);
INSERT INTO public.local_nutrient_types VALUES (382, 'da_DK', 30);
INSERT INTO public.local_nutrient_types VALUES (383, 'da_DK', 196);
INSERT INTO public.local_nutrient_types VALUES (384, 'da_DK', 136);
INSERT INTO public.local_nutrient_types VALUES (385, 'da_DK', 216);
INSERT INTO public.local_nutrient_types VALUES (386, 'da_DK', 202);
INSERT INTO public.local_nutrient_types VALUES (387, 'da_DK', 142);
INSERT INTO public.local_nutrient_types VALUES (388, 'da_DK', 52);
INSERT INTO public.local_nutrient_types VALUES (389, 'da_DK', 139);
INSERT INTO public.local_nutrient_types VALUES (390, 'da_DK', 226);
INSERT INTO public.local_nutrient_types VALUES (391, 'da_DK', 12);
INSERT INTO public.local_nutrient_types VALUES (392, 'da_DK', 203);
INSERT INTO public.local_nutrient_types VALUES (393, 'da_DK', 37);
INSERT INTO public.local_nutrient_types VALUES (394, 'da_DK', 114);
INSERT INTO public.local_nutrient_types VALUES (395, 'da_DK', 124);
INSERT INTO public.local_nutrient_types VALUES (396, 'da_DK', 83);
INSERT INTO public.local_nutrient_types VALUES (397, 'da_DK', 152);
INSERT INTO public.local_nutrient_types VALUES (398, 'da_DK', 227);
INSERT INTO public.local_nutrient_types VALUES (399, 'da_DK', 207);
INSERT INTO public.local_nutrient_types VALUES (400, 'da_DK', 138);
INSERT INTO public.local_nutrient_types VALUES (401, 'da_DK', 38);
INSERT INTO public.local_nutrient_types VALUES (402, 'da_DK', 16);
INSERT INTO public.local_nutrient_types VALUES (403, 'da_DK', 206);
INSERT INTO public.local_nutrient_types VALUES (404, 'da_DK', 205);
INSERT INTO public.local_nutrient_types VALUES (405, 'da_DK', 21);
INSERT INTO public.local_nutrient_types VALUES (406, 'da_DK', 27);
INSERT INTO public.local_nutrient_types VALUES (407, 'da_DK', 39);
INSERT INTO public.local_nutrient_types VALUES (408, 'da_DK', 53);
INSERT INTO public.local_nutrient_types VALUES (409, 'da_DK', 54);
INSERT INTO public.local_nutrient_types VALUES (410, 'da_DK', 123);
INSERT INTO public.local_nutrient_types VALUES (411, 'da_DK', 218);
INSERT INTO public.local_nutrient_types VALUES (412, 'da_DK', 191);
INSERT INTO public.local_nutrient_types VALUES (413, 'da_DK', 165);
INSERT INTO public.local_nutrient_types VALUES (414, 'da_DK', 115);
INSERT INTO public.local_nutrient_types VALUES (415, 'da_DK', 9);
INSERT INTO public.local_nutrient_types VALUES (416, 'da_DK', 58);
INSERT INTO public.local_nutrient_types VALUES (417, 'da_DK', 127);
INSERT INTO public.local_nutrient_types VALUES (418, 'da_DK', 126);
INSERT INTO public.local_nutrient_types VALUES (419, 'da_DK', 201);
INSERT INTO public.local_nutrient_types VALUES (420, 'da_DK', 217);
INSERT INTO public.local_nutrient_types VALUES (421, 'da_DK', 219);
INSERT INTO public.local_nutrient_types VALUES (422, 'da_DK', 120);
INSERT INTO public.local_nutrient_types VALUES (423, 'da_DK', 178);
INSERT INTO public.local_nutrient_types VALUES (424, 'da_DK', 133);
INSERT INTO public.local_nutrient_types VALUES (425, 'da_DK', 132);
INSERT INTO public.local_nutrient_types VALUES (426, 'da_DK', 122);
INSERT INTO public.local_nutrient_types VALUES (427, 'da_DK', 130);
INSERT INTO public.local_nutrient_types VALUES (428, 'da_DK', 177);
INSERT INTO public.local_nutrient_types VALUES (429, 'da_DK', 8);
INSERT INTO public.local_nutrient_types VALUES (430, 'da_DK', 147);
INSERT INTO public.local_nutrient_types VALUES (431, 'en_NZ', 1);
INSERT INTO public.local_nutrient_types VALUES (432, 'en_NZ', 49);
INSERT INTO public.local_nutrient_types VALUES (433, 'en_NZ', 50);
INSERT INTO public.local_nutrient_types VALUES (434, 'en_NZ', 11);
INSERT INTO public.local_nutrient_types VALUES (435, 'en_NZ', 13);
INSERT INTO public.local_nutrient_types VALUES (436, 'en_NZ', 22);
INSERT INTO public.local_nutrient_types VALUES (437, 'en_NZ', 23);
INSERT INTO public.local_nutrient_types VALUES (438, 'en_NZ', 20);
INSERT INTO public.local_nutrient_types VALUES (439, 'en_NZ', 18);
INSERT INTO public.local_nutrient_types VALUES (440, 'en_NZ', 19);
INSERT INTO public.local_nutrient_types VALUES (441, 'en_NZ', 129);
INSERT INTO public.local_nutrient_types VALUES (442, 'en_NZ', 140);
INSERT INTO public.local_nutrient_types VALUES (443, 'en_NZ', 143);
INSERT INTO public.local_nutrient_types VALUES (444, 'en_NZ', 116);
INSERT INTO public.local_nutrient_types VALUES (445, 'en_NZ', 119);
INSERT INTO public.local_nutrient_types VALUES (446, 'en_NZ', 117);
INSERT INTO public.local_nutrient_types VALUES (447, 'en_NZ', 137);
INSERT INTO public.local_nutrient_types VALUES (448, 'en_NZ', 148);
INSERT INTO public.local_nutrient_types VALUES (449, 'en_NZ', 59);
INSERT INTO public.local_nutrient_types VALUES (450, 'en_NZ', 55);
INSERT INTO public.local_nutrient_types VALUES (451, 'en_NZ', 56);
INSERT INTO public.local_nutrient_types VALUES (452, 'en_NZ', 57);
INSERT INTO public.local_nutrient_types VALUES (453, 'en_NZ', 146);
INSERT INTO public.local_nutrient_types VALUES (454, 'en_NZ', 2);
INSERT INTO public.local_nutrient_types VALUES (455, 'en_NZ', 15);
INSERT INTO public.local_nutrient_types VALUES (456, 'en_NZ', 134);
INSERT INTO public.local_nutrient_types VALUES (457, 'en_NZ', 26);
INSERT INTO public.local_nutrient_types VALUES (458, 'en_NZ', 25);
INSERT INTO public.local_nutrient_types VALUES (459, 'en_NZ', 144);
INSERT INTO public.local_nutrient_types VALUES (460, 'en_NZ', 24);
INSERT INTO public.local_nutrient_types VALUES (461, 'en_NZ', 149);
INSERT INTO public.local_nutrient_types VALUES (462, 'en_NZ', 29);
INSERT INTO public.local_nutrient_types VALUES (463, 'en_NZ', 141);
INSERT INTO public.local_nutrient_types VALUES (464, 'en_NZ', 28);
INSERT INTO public.local_nutrient_types VALUES (465, 'en_NZ', 151);
INSERT INTO public.local_nutrient_types VALUES (466, 'en_NZ', 125);
INSERT INTO public.local_nutrient_types VALUES (467, 'en_NZ', 128);
INSERT INTO public.local_nutrient_types VALUES (468, 'en_NZ', 10);
INSERT INTO public.local_nutrient_types VALUES (469, 'en_NZ', 145);
INSERT INTO public.local_nutrient_types VALUES (470, 'en_NZ', 30);
INSERT INTO public.local_nutrient_types VALUES (471, 'en_NZ', 136);
INSERT INTO public.local_nutrient_types VALUES (472, 'en_NZ', 142);
INSERT INTO public.local_nutrient_types VALUES (473, 'en_NZ', 139);
INSERT INTO public.local_nutrient_types VALUES (474, 'en_NZ', 114);
INSERT INTO public.local_nutrient_types VALUES (475, 'en_NZ', 124);
INSERT INTO public.local_nutrient_types VALUES (476, 'en_NZ', 152);
INSERT INTO public.local_nutrient_types VALUES (477, 'en_NZ', 138);
INSERT INTO public.local_nutrient_types VALUES (478, 'en_NZ', 16);
INSERT INTO public.local_nutrient_types VALUES (479, 'en_NZ', 21);
INSERT INTO public.local_nutrient_types VALUES (480, 'en_NZ', 27);
INSERT INTO public.local_nutrient_types VALUES (481, 'en_NZ', 123);
INSERT INTO public.local_nutrient_types VALUES (482, 'en_NZ', 115);
INSERT INTO public.local_nutrient_types VALUES (483, 'en_NZ', 9);
INSERT INTO public.local_nutrient_types VALUES (484, 'en_NZ', 58);
INSERT INTO public.local_nutrient_types VALUES (485, 'en_NZ', 126);
INSERT INTO public.local_nutrient_types VALUES (486, 'en_NZ', 120);
INSERT INTO public.local_nutrient_types VALUES (487, 'en_NZ', 133);
INSERT INTO public.local_nutrient_types VALUES (488, 'en_NZ', 132);
INSERT INTO public.local_nutrient_types VALUES (489, 'en_NZ', 122);
INSERT INTO public.local_nutrient_types VALUES (490, 'en_NZ', 130);
INSERT INTO public.local_nutrient_types VALUES (491, 'en_NZ', 8);
INSERT INTO public.local_nutrient_types VALUES (492, 'en_NZ', 147);
INSERT INTO public.local_nutrient_types VALUES (493, 'ar_AE', 1);
INSERT INTO public.local_nutrient_types VALUES (494, 'ar_AE', 49);
INSERT INTO public.local_nutrient_types VALUES (495, 'ar_AE', 50);
INSERT INTO public.local_nutrient_types VALUES (496, 'ar_AE', 11);
INSERT INTO public.local_nutrient_types VALUES (497, 'ar_AE', 13);
INSERT INTO public.local_nutrient_types VALUES (498, 'ar_AE', 22);
INSERT INTO public.local_nutrient_types VALUES (499, 'ar_AE', 23);
INSERT INTO public.local_nutrient_types VALUES (500, 'ar_AE', 20);
INSERT INTO public.local_nutrient_types VALUES (501, 'ar_AE', 18);
INSERT INTO public.local_nutrient_types VALUES (502, 'ar_AE', 19);
INSERT INTO public.local_nutrient_types VALUES (503, 'ar_AE', 129);
INSERT INTO public.local_nutrient_types VALUES (504, 'ar_AE', 140);
INSERT INTO public.local_nutrient_types VALUES (505, 'ar_AE', 143);
INSERT INTO public.local_nutrient_types VALUES (506, 'ar_AE', 116);
INSERT INTO public.local_nutrient_types VALUES (507, 'ar_AE', 119);
INSERT INTO public.local_nutrient_types VALUES (508, 'ar_AE', 117);
INSERT INTO public.local_nutrient_types VALUES (509, 'ar_AE', 137);
INSERT INTO public.local_nutrient_types VALUES (510, 'ar_AE', 148);
INSERT INTO public.local_nutrient_types VALUES (511, 'ar_AE', 59);
INSERT INTO public.local_nutrient_types VALUES (512, 'ar_AE', 55);
INSERT INTO public.local_nutrient_types VALUES (513, 'ar_AE', 56);
INSERT INTO public.local_nutrient_types VALUES (514, 'ar_AE', 57);
INSERT INTO public.local_nutrient_types VALUES (515, 'ar_AE', 146);
INSERT INTO public.local_nutrient_types VALUES (516, 'ar_AE', 2);
INSERT INTO public.local_nutrient_types VALUES (517, 'ar_AE', 15);
INSERT INTO public.local_nutrient_types VALUES (518, 'ar_AE', 134);
INSERT INTO public.local_nutrient_types VALUES (519, 'ar_AE', 26);
INSERT INTO public.local_nutrient_types VALUES (520, 'ar_AE', 25);
INSERT INTO public.local_nutrient_types VALUES (521, 'ar_AE', 144);
INSERT INTO public.local_nutrient_types VALUES (522, 'ar_AE', 24);
INSERT INTO public.local_nutrient_types VALUES (523, 'ar_AE', 149);
INSERT INTO public.local_nutrient_types VALUES (524, 'ar_AE', 29);
INSERT INTO public.local_nutrient_types VALUES (525, 'ar_AE', 141);
INSERT INTO public.local_nutrient_types VALUES (526, 'ar_AE', 28);
INSERT INTO public.local_nutrient_types VALUES (527, 'ar_AE', 151);
INSERT INTO public.local_nutrient_types VALUES (528, 'ar_AE', 125);
INSERT INTO public.local_nutrient_types VALUES (529, 'ar_AE', 128);
INSERT INTO public.local_nutrient_types VALUES (530, 'ar_AE', 10);
INSERT INTO public.local_nutrient_types VALUES (531, 'ar_AE', 145);
INSERT INTO public.local_nutrient_types VALUES (532, 'ar_AE', 30);
INSERT INTO public.local_nutrient_types VALUES (533, 'ar_AE', 136);
INSERT INTO public.local_nutrient_types VALUES (534, 'ar_AE', 142);
INSERT INTO public.local_nutrient_types VALUES (535, 'ar_AE', 139);
INSERT INTO public.local_nutrient_types VALUES (536, 'ar_AE', 114);
INSERT INTO public.local_nutrient_types VALUES (537, 'ar_AE', 124);
INSERT INTO public.local_nutrient_types VALUES (538, 'ar_AE', 152);
INSERT INTO public.local_nutrient_types VALUES (539, 'ar_AE', 138);
INSERT INTO public.local_nutrient_types VALUES (540, 'ar_AE', 16);
INSERT INTO public.local_nutrient_types VALUES (541, 'ar_AE', 21);
INSERT INTO public.local_nutrient_types VALUES (542, 'ar_AE', 27);
INSERT INTO public.local_nutrient_types VALUES (543, 'ar_AE', 123);
INSERT INTO public.local_nutrient_types VALUES (544, 'ar_AE', 115);
INSERT INTO public.local_nutrient_types VALUES (545, 'ar_AE', 9);
INSERT INTO public.local_nutrient_types VALUES (546, 'ar_AE', 58);
INSERT INTO public.local_nutrient_types VALUES (547, 'ar_AE', 126);
INSERT INTO public.local_nutrient_types VALUES (548, 'ar_AE', 120);
INSERT INTO public.local_nutrient_types VALUES (549, 'ar_AE', 133);
INSERT INTO public.local_nutrient_types VALUES (550, 'ar_AE', 132);
INSERT INTO public.local_nutrient_types VALUES (551, 'ar_AE', 122);
INSERT INTO public.local_nutrient_types VALUES (552, 'ar_AE', 130);
INSERT INTO public.local_nutrient_types VALUES (553, 'ar_AE', 8);
INSERT INTO public.local_nutrient_types VALUES (554, 'ar_AE', 147);
INSERT INTO public.local_nutrient_types VALUES (555, 'en_GB_gf', 1);
INSERT INTO public.local_nutrient_types VALUES (556, 'en_GB_gf', 49);
INSERT INTO public.local_nutrient_types VALUES (557, 'en_GB_gf', 50);
INSERT INTO public.local_nutrient_types VALUES (558, 'en_GB_gf', 11);
INSERT INTO public.local_nutrient_types VALUES (559, 'en_GB_gf', 13);
INSERT INTO public.local_nutrient_types VALUES (560, 'en_GB_gf', 22);
INSERT INTO public.local_nutrient_types VALUES (561, 'en_GB_gf', 23);
INSERT INTO public.local_nutrient_types VALUES (562, 'en_GB_gf', 20);
INSERT INTO public.local_nutrient_types VALUES (563, 'en_GB_gf', 18);
INSERT INTO public.local_nutrient_types VALUES (564, 'en_GB_gf', 19);
INSERT INTO public.local_nutrient_types VALUES (565, 'en_GB_gf', 129);
INSERT INTO public.local_nutrient_types VALUES (566, 'en_GB_gf', 140);
INSERT INTO public.local_nutrient_types VALUES (567, 'en_GB_gf', 143);
INSERT INTO public.local_nutrient_types VALUES (568, 'en_GB_gf', 116);
INSERT INTO public.local_nutrient_types VALUES (569, 'en_GB_gf', 119);
INSERT INTO public.local_nutrient_types VALUES (570, 'en_GB_gf', 117);
INSERT INTO public.local_nutrient_types VALUES (571, 'en_GB_gf', 137);
INSERT INTO public.local_nutrient_types VALUES (572, 'en_GB_gf', 148);
INSERT INTO public.local_nutrient_types VALUES (573, 'en_GB_gf', 59);
INSERT INTO public.local_nutrient_types VALUES (574, 'en_GB_gf', 55);
INSERT INTO public.local_nutrient_types VALUES (575, 'en_GB_gf', 56);
INSERT INTO public.local_nutrient_types VALUES (576, 'en_GB_gf', 57);
INSERT INTO public.local_nutrient_types VALUES (577, 'en_GB_gf', 146);
INSERT INTO public.local_nutrient_types VALUES (578, 'en_GB_gf', 2);
INSERT INTO public.local_nutrient_types VALUES (579, 'en_GB_gf', 15);
INSERT INTO public.local_nutrient_types VALUES (580, 'en_GB_gf', 134);
INSERT INTO public.local_nutrient_types VALUES (581, 'en_GB_gf', 26);
INSERT INTO public.local_nutrient_types VALUES (582, 'en_GB_gf', 25);
INSERT INTO public.local_nutrient_types VALUES (583, 'en_GB_gf', 144);
INSERT INTO public.local_nutrient_types VALUES (584, 'en_GB_gf', 24);
INSERT INTO public.local_nutrient_types VALUES (585, 'en_GB_gf', 149);
INSERT INTO public.local_nutrient_types VALUES (586, 'en_GB_gf', 29);
INSERT INTO public.local_nutrient_types VALUES (587, 'en_GB_gf', 141);
INSERT INTO public.local_nutrient_types VALUES (588, 'en_GB_gf', 28);
INSERT INTO public.local_nutrient_types VALUES (589, 'en_GB_gf', 151);
INSERT INTO public.local_nutrient_types VALUES (590, 'en_GB_gf', 125);
INSERT INTO public.local_nutrient_types VALUES (591, 'en_GB_gf', 128);
INSERT INTO public.local_nutrient_types VALUES (592, 'en_GB_gf', 10);
INSERT INTO public.local_nutrient_types VALUES (593, 'en_GB_gf', 145);
INSERT INTO public.local_nutrient_types VALUES (594, 'en_GB_gf', 30);
INSERT INTO public.local_nutrient_types VALUES (595, 'en_GB_gf', 136);
INSERT INTO public.local_nutrient_types VALUES (596, 'en_GB_gf', 142);
INSERT INTO public.local_nutrient_types VALUES (597, 'en_GB_gf', 139);
INSERT INTO public.local_nutrient_types VALUES (598, 'en_GB_gf', 114);
INSERT INTO public.local_nutrient_types VALUES (599, 'en_GB_gf', 124);
INSERT INTO public.local_nutrient_types VALUES (600, 'en_GB_gf', 152);
INSERT INTO public.local_nutrient_types VALUES (601, 'en_GB_gf', 138);
INSERT INTO public.local_nutrient_types VALUES (602, 'en_GB_gf', 16);
INSERT INTO public.local_nutrient_types VALUES (603, 'en_GB_gf', 21);
INSERT INTO public.local_nutrient_types VALUES (604, 'en_GB_gf', 27);
INSERT INTO public.local_nutrient_types VALUES (605, 'en_GB_gf', 123);
INSERT INTO public.local_nutrient_types VALUES (606, 'en_GB_gf', 115);
INSERT INTO public.local_nutrient_types VALUES (607, 'en_GB_gf', 9);
INSERT INTO public.local_nutrient_types VALUES (608, 'en_GB_gf', 58);
INSERT INTO public.local_nutrient_types VALUES (609, 'en_GB_gf', 126);
INSERT INTO public.local_nutrient_types VALUES (610, 'en_GB_gf', 120);
INSERT INTO public.local_nutrient_types VALUES (611, 'en_GB_gf', 133);
INSERT INTO public.local_nutrient_types VALUES (612, 'en_GB_gf', 132);
INSERT INTO public.local_nutrient_types VALUES (613, 'en_GB_gf', 122);
INSERT INTO public.local_nutrient_types VALUES (614, 'en_GB_gf', 130);
INSERT INTO public.local_nutrient_types VALUES (615, 'en_GB_gf', 8);
INSERT INTO public.local_nutrient_types VALUES (616, 'en_GB_gf', 147);
INSERT INTO public.local_nutrient_types VALUES (617, 'en_IN', 1);
INSERT INTO public.local_nutrient_types VALUES (618, 'en_IN', 49);
INSERT INTO public.local_nutrient_types VALUES (619, 'en_IN', 50);
INSERT INTO public.local_nutrient_types VALUES (620, 'en_IN', 11);
INSERT INTO public.local_nutrient_types VALUES (621, 'en_IN', 13);
INSERT INTO public.local_nutrient_types VALUES (622, 'en_IN', 22);
INSERT INTO public.local_nutrient_types VALUES (623, 'en_IN', 23);
INSERT INTO public.local_nutrient_types VALUES (624, 'en_IN', 20);
INSERT INTO public.local_nutrient_types VALUES (625, 'en_IN', 18);
INSERT INTO public.local_nutrient_types VALUES (626, 'en_IN', 19);
INSERT INTO public.local_nutrient_types VALUES (627, 'en_IN', 129);
INSERT INTO public.local_nutrient_types VALUES (628, 'en_IN', 140);
INSERT INTO public.local_nutrient_types VALUES (629, 'en_IN', 143);
INSERT INTO public.local_nutrient_types VALUES (630, 'en_IN', 116);
INSERT INTO public.local_nutrient_types VALUES (631, 'en_IN', 119);
INSERT INTO public.local_nutrient_types VALUES (632, 'en_IN', 117);
INSERT INTO public.local_nutrient_types VALUES (633, 'en_IN', 137);
INSERT INTO public.local_nutrient_types VALUES (634, 'en_IN', 148);
INSERT INTO public.local_nutrient_types VALUES (635, 'en_IN', 59);
INSERT INTO public.local_nutrient_types VALUES (636, 'en_IN', 55);
INSERT INTO public.local_nutrient_types VALUES (637, 'en_IN', 56);
INSERT INTO public.local_nutrient_types VALUES (638, 'en_IN', 57);
INSERT INTO public.local_nutrient_types VALUES (639, 'en_IN', 146);
INSERT INTO public.local_nutrient_types VALUES (640, 'en_IN', 2);
INSERT INTO public.local_nutrient_types VALUES (641, 'en_IN', 15);
INSERT INTO public.local_nutrient_types VALUES (642, 'en_IN', 134);
INSERT INTO public.local_nutrient_types VALUES (643, 'en_IN', 26);
INSERT INTO public.local_nutrient_types VALUES (644, 'en_IN', 25);
INSERT INTO public.local_nutrient_types VALUES (645, 'en_IN', 144);
INSERT INTO public.local_nutrient_types VALUES (646, 'en_IN', 24);
INSERT INTO public.local_nutrient_types VALUES (647, 'en_IN', 149);
INSERT INTO public.local_nutrient_types VALUES (648, 'en_IN', 29);
INSERT INTO public.local_nutrient_types VALUES (649, 'en_IN', 141);
INSERT INTO public.local_nutrient_types VALUES (650, 'en_IN', 28);
INSERT INTO public.local_nutrient_types VALUES (651, 'en_IN', 151);
INSERT INTO public.local_nutrient_types VALUES (652, 'en_IN', 125);
INSERT INTO public.local_nutrient_types VALUES (653, 'en_IN', 128);
INSERT INTO public.local_nutrient_types VALUES (654, 'en_IN', 10);
INSERT INTO public.local_nutrient_types VALUES (655, 'en_IN', 145);
INSERT INTO public.local_nutrient_types VALUES (656, 'en_IN', 30);
INSERT INTO public.local_nutrient_types VALUES (657, 'en_IN', 136);
INSERT INTO public.local_nutrient_types VALUES (658, 'en_IN', 142);
INSERT INTO public.local_nutrient_types VALUES (659, 'en_IN', 139);
INSERT INTO public.local_nutrient_types VALUES (660, 'en_IN', 114);
INSERT INTO public.local_nutrient_types VALUES (661, 'en_IN', 124);
INSERT INTO public.local_nutrient_types VALUES (662, 'en_IN', 152);
INSERT INTO public.local_nutrient_types VALUES (663, 'en_IN', 138);
INSERT INTO public.local_nutrient_types VALUES (664, 'en_IN', 16);
INSERT INTO public.local_nutrient_types VALUES (665, 'en_IN', 21);
INSERT INTO public.local_nutrient_types VALUES (666, 'en_IN', 27);
INSERT INTO public.local_nutrient_types VALUES (667, 'en_IN', 123);
INSERT INTO public.local_nutrient_types VALUES (668, 'en_IN', 115);
INSERT INTO public.local_nutrient_types VALUES (669, 'en_IN', 9);
INSERT INTO public.local_nutrient_types VALUES (670, 'en_IN', 58);
INSERT INTO public.local_nutrient_types VALUES (671, 'en_IN', 126);
INSERT INTO public.local_nutrient_types VALUES (672, 'en_IN', 120);
INSERT INTO public.local_nutrient_types VALUES (673, 'en_IN', 133);
INSERT INTO public.local_nutrient_types VALUES (674, 'en_IN', 132);
INSERT INTO public.local_nutrient_types VALUES (675, 'en_IN', 122);
INSERT INTO public.local_nutrient_types VALUES (676, 'en_IN', 130);
INSERT INTO public.local_nutrient_types VALUES (677, 'en_IN', 8);
INSERT INTO public.local_nutrient_types VALUES (678, 'en_IN', 147);
INSERT INTO public.local_nutrient_types VALUES (679, 'en_GB', 228);
INSERT INTO public.local_nutrient_types VALUES (680, 'en_GB_simple', 1);
INSERT INTO public.local_nutrient_types VALUES (681, 'en_GB_simple', 49);
INSERT INTO public.local_nutrient_types VALUES (682, 'en_GB_simple', 50);
INSERT INTO public.local_nutrient_types VALUES (683, 'en_GB_simple', 11);
INSERT INTO public.local_nutrient_types VALUES (684, 'en_GB_simple', 13);
INSERT INTO public.local_nutrient_types VALUES (685, 'en_GB_simple', 22);
INSERT INTO public.local_nutrient_types VALUES (686, 'en_GB_simple', 23);
INSERT INTO public.local_nutrient_types VALUES (687, 'en_GB_simple', 20);
INSERT INTO public.local_nutrient_types VALUES (688, 'en_GB_simple', 18);
INSERT INTO public.local_nutrient_types VALUES (689, 'en_GB_simple', 19);
INSERT INTO public.local_nutrient_types VALUES (690, 'en_GB_simple', 129);
INSERT INTO public.local_nutrient_types VALUES (691, 'en_GB_simple', 140);
INSERT INTO public.local_nutrient_types VALUES (692, 'en_GB_simple', 143);
INSERT INTO public.local_nutrient_types VALUES (693, 'en_GB_simple', 116);
INSERT INTO public.local_nutrient_types VALUES (694, 'en_GB_simple', 119);
INSERT INTO public.local_nutrient_types VALUES (695, 'en_GB_simple', 117);
INSERT INTO public.local_nutrient_types VALUES (696, 'en_GB_simple', 137);
INSERT INTO public.local_nutrient_types VALUES (697, 'en_GB_simple', 148);
INSERT INTO public.local_nutrient_types VALUES (698, 'en_GB_simple', 59);
INSERT INTO public.local_nutrient_types VALUES (699, 'en_GB_simple', 55);
INSERT INTO public.local_nutrient_types VALUES (700, 'en_GB_simple', 56);
INSERT INTO public.local_nutrient_types VALUES (701, 'en_GB_simple', 57);
INSERT INTO public.local_nutrient_types VALUES (702, 'en_GB_simple', 146);
INSERT INTO public.local_nutrient_types VALUES (703, 'en_GB_simple', 2);
INSERT INTO public.local_nutrient_types VALUES (704, 'en_GB_simple', 15);
INSERT INTO public.local_nutrient_types VALUES (705, 'en_GB_simple', 134);
INSERT INTO public.local_nutrient_types VALUES (706, 'en_GB_simple', 26);
INSERT INTO public.local_nutrient_types VALUES (707, 'en_GB_simple', 25);
INSERT INTO public.local_nutrient_types VALUES (708, 'en_GB_simple', 144);
INSERT INTO public.local_nutrient_types VALUES (709, 'en_GB_simple', 24);
INSERT INTO public.local_nutrient_types VALUES (710, 'en_GB_simple', 149);
INSERT INTO public.local_nutrient_types VALUES (711, 'en_GB_simple', 29);
INSERT INTO public.local_nutrient_types VALUES (712, 'en_GB_simple', 141);
INSERT INTO public.local_nutrient_types VALUES (713, 'en_GB_simple', 28);
INSERT INTO public.local_nutrient_types VALUES (714, 'en_GB_simple', 151);
INSERT INTO public.local_nutrient_types VALUES (715, 'en_GB_simple', 125);
INSERT INTO public.local_nutrient_types VALUES (716, 'en_GB_simple', 128);
INSERT INTO public.local_nutrient_types VALUES (717, 'en_GB_simple', 10);
INSERT INTO public.local_nutrient_types VALUES (718, 'en_GB_simple', 145);
INSERT INTO public.local_nutrient_types VALUES (719, 'en_GB_simple', 30);
INSERT INTO public.local_nutrient_types VALUES (720, 'en_GB_simple', 136);
INSERT INTO public.local_nutrient_types VALUES (721, 'en_GB_simple', 142);
INSERT INTO public.local_nutrient_types VALUES (722, 'en_GB_simple', 139);
INSERT INTO public.local_nutrient_types VALUES (723, 'en_GB_simple', 114);
INSERT INTO public.local_nutrient_types VALUES (724, 'en_GB_simple', 124);
INSERT INTO public.local_nutrient_types VALUES (725, 'en_GB_simple', 152);
INSERT INTO public.local_nutrient_types VALUES (726, 'en_GB_simple', 138);
INSERT INTO public.local_nutrient_types VALUES (727, 'en_GB_simple', 16);
INSERT INTO public.local_nutrient_types VALUES (728, 'en_GB_simple', 21);
INSERT INTO public.local_nutrient_types VALUES (729, 'en_GB_simple', 27);
INSERT INTO public.local_nutrient_types VALUES (730, 'en_GB_simple', 123);
INSERT INTO public.local_nutrient_types VALUES (731, 'en_GB_simple', 115);
INSERT INTO public.local_nutrient_types VALUES (732, 'en_GB_simple', 9);
INSERT INTO public.local_nutrient_types VALUES (733, 'en_GB_simple', 58);
INSERT INTO public.local_nutrient_types VALUES (734, 'en_GB_simple', 126);
INSERT INTO public.local_nutrient_types VALUES (735, 'en_GB_simple', 120);
INSERT INTO public.local_nutrient_types VALUES (736, 'en_GB_simple', 133);
INSERT INTO public.local_nutrient_types VALUES (737, 'en_GB_simple', 132);
INSERT INTO public.local_nutrient_types VALUES (738, 'en_GB_simple', 122);
INSERT INTO public.local_nutrient_types VALUES (739, 'en_GB_simple', 130);
INSERT INTO public.local_nutrient_types VALUES (740, 'en_GB_simple', 8);
INSERT INTO public.local_nutrient_types VALUES (741, 'en_GB_simple', 147);
INSERT INTO public.local_nutrient_types VALUES (742, 'en_GB_simple', 228);
INSERT INTO public.local_nutrient_types VALUES (743, 'en_AU', 1);
INSERT INTO public.local_nutrient_types VALUES (744, 'en_AU', 49);
INSERT INTO public.local_nutrient_types VALUES (745, 'en_AU', 50);
INSERT INTO public.local_nutrient_types VALUES (746, 'en_AU', 11);
INSERT INTO public.local_nutrient_types VALUES (747, 'en_AU', 13);
INSERT INTO public.local_nutrient_types VALUES (748, 'en_AU', 22);
INSERT INTO public.local_nutrient_types VALUES (749, 'en_AU', 23);
INSERT INTO public.local_nutrient_types VALUES (750, 'en_AU', 20);
INSERT INTO public.local_nutrient_types VALUES (751, 'en_AU', 18);
INSERT INTO public.local_nutrient_types VALUES (752, 'en_AU', 19);
INSERT INTO public.local_nutrient_types VALUES (753, 'en_AU', 129);
INSERT INTO public.local_nutrient_types VALUES (754, 'en_AU', 140);
INSERT INTO public.local_nutrient_types VALUES (755, 'en_AU', 143);
INSERT INTO public.local_nutrient_types VALUES (756, 'en_AU', 116);
INSERT INTO public.local_nutrient_types VALUES (757, 'en_AU', 119);
INSERT INTO public.local_nutrient_types VALUES (758, 'en_AU', 117);
INSERT INTO public.local_nutrient_types VALUES (759, 'en_AU', 137);
INSERT INTO public.local_nutrient_types VALUES (760, 'en_AU', 148);
INSERT INTO public.local_nutrient_types VALUES (761, 'en_AU', 59);
INSERT INTO public.local_nutrient_types VALUES (762, 'en_AU', 55);
INSERT INTO public.local_nutrient_types VALUES (763, 'en_AU', 56);
INSERT INTO public.local_nutrient_types VALUES (764, 'en_AU', 57);
INSERT INTO public.local_nutrient_types VALUES (765, 'en_AU', 146);
INSERT INTO public.local_nutrient_types VALUES (766, 'en_AU', 2);
INSERT INTO public.local_nutrient_types VALUES (767, 'en_AU', 15);
INSERT INTO public.local_nutrient_types VALUES (768, 'en_AU', 134);
INSERT INTO public.local_nutrient_types VALUES (769, 'en_AU', 26);
INSERT INTO public.local_nutrient_types VALUES (770, 'en_AU', 25);
INSERT INTO public.local_nutrient_types VALUES (771, 'en_AU', 144);
INSERT INTO public.local_nutrient_types VALUES (772, 'en_AU', 24);
INSERT INTO public.local_nutrient_types VALUES (773, 'en_AU', 149);
INSERT INTO public.local_nutrient_types VALUES (774, 'en_AU', 29);
INSERT INTO public.local_nutrient_types VALUES (775, 'en_AU', 141);
INSERT INTO public.local_nutrient_types VALUES (776, 'en_AU', 28);
INSERT INTO public.local_nutrient_types VALUES (777, 'en_AU', 151);
INSERT INTO public.local_nutrient_types VALUES (778, 'en_AU', 125);
INSERT INTO public.local_nutrient_types VALUES (779, 'en_AU', 128);
INSERT INTO public.local_nutrient_types VALUES (780, 'en_AU', 10);
INSERT INTO public.local_nutrient_types VALUES (781, 'en_AU', 145);
INSERT INTO public.local_nutrient_types VALUES (782, 'en_AU', 30);
INSERT INTO public.local_nutrient_types VALUES (783, 'en_AU', 136);
INSERT INTO public.local_nutrient_types VALUES (784, 'en_AU', 142);
INSERT INTO public.local_nutrient_types VALUES (785, 'en_AU', 139);
INSERT INTO public.local_nutrient_types VALUES (786, 'en_AU', 114);
INSERT INTO public.local_nutrient_types VALUES (787, 'en_AU', 124);
INSERT INTO public.local_nutrient_types VALUES (788, 'en_AU', 152);
INSERT INTO public.local_nutrient_types VALUES (789, 'en_AU', 138);
INSERT INTO public.local_nutrient_types VALUES (790, 'en_AU', 16);
INSERT INTO public.local_nutrient_types VALUES (791, 'en_AU', 21);
INSERT INTO public.local_nutrient_types VALUES (792, 'en_AU', 27);
INSERT INTO public.local_nutrient_types VALUES (793, 'en_AU', 123);
INSERT INTO public.local_nutrient_types VALUES (794, 'en_AU', 115);
INSERT INTO public.local_nutrient_types VALUES (795, 'en_AU', 9);
INSERT INTO public.local_nutrient_types VALUES (796, 'en_AU', 58);
INSERT INTO public.local_nutrient_types VALUES (797, 'en_AU', 126);
INSERT INTO public.local_nutrient_types VALUES (798, 'en_AU', 120);
INSERT INTO public.local_nutrient_types VALUES (799, 'en_AU', 133);
INSERT INTO public.local_nutrient_types VALUES (800, 'en_AU', 132);
INSERT INTO public.local_nutrient_types VALUES (801, 'en_AU', 122);
INSERT INTO public.local_nutrient_types VALUES (802, 'en_AU', 130);
INSERT INTO public.local_nutrient_types VALUES (803, 'en_AU', 8);
INSERT INTO public.local_nutrient_types VALUES (804, 'en_AU', 147);
INSERT INTO public.local_nutrient_types VALUES (805, 'en_AU', 228);
INSERT INTO public.local_nutrient_types VALUES (806, 'en_NZ_2', 1);
INSERT INTO public.local_nutrient_types VALUES (807, 'en_NZ_2', 49);
INSERT INTO public.local_nutrient_types VALUES (808, 'en_NZ_2', 50);
INSERT INTO public.local_nutrient_types VALUES (809, 'en_NZ_2', 11);
INSERT INTO public.local_nutrient_types VALUES (810, 'en_NZ_2', 13);
INSERT INTO public.local_nutrient_types VALUES (811, 'en_NZ_2', 22);
INSERT INTO public.local_nutrient_types VALUES (812, 'en_NZ_2', 23);
INSERT INTO public.local_nutrient_types VALUES (813, 'en_NZ_2', 20);
INSERT INTO public.local_nutrient_types VALUES (814, 'en_NZ_2', 18);
INSERT INTO public.local_nutrient_types VALUES (815, 'en_NZ_2', 19);
INSERT INTO public.local_nutrient_types VALUES (816, 'en_NZ_2', 129);
INSERT INTO public.local_nutrient_types VALUES (817, 'en_NZ_2', 140);
INSERT INTO public.local_nutrient_types VALUES (818, 'en_NZ_2', 143);
INSERT INTO public.local_nutrient_types VALUES (819, 'en_NZ_2', 116);
INSERT INTO public.local_nutrient_types VALUES (820, 'en_NZ_2', 119);
INSERT INTO public.local_nutrient_types VALUES (821, 'en_NZ_2', 117);
INSERT INTO public.local_nutrient_types VALUES (822, 'en_NZ_2', 137);
INSERT INTO public.local_nutrient_types VALUES (823, 'en_NZ_2', 148);
INSERT INTO public.local_nutrient_types VALUES (824, 'en_NZ_2', 59);
INSERT INTO public.local_nutrient_types VALUES (825, 'en_NZ_2', 55);
INSERT INTO public.local_nutrient_types VALUES (826, 'en_NZ_2', 56);
INSERT INTO public.local_nutrient_types VALUES (827, 'en_NZ_2', 57);
INSERT INTO public.local_nutrient_types VALUES (828, 'en_NZ_2', 146);
INSERT INTO public.local_nutrient_types VALUES (829, 'en_NZ_2', 2);
INSERT INTO public.local_nutrient_types VALUES (830, 'en_NZ_2', 15);
INSERT INTO public.local_nutrient_types VALUES (831, 'en_NZ_2', 134);
INSERT INTO public.local_nutrient_types VALUES (832, 'en_NZ_2', 26);
INSERT INTO public.local_nutrient_types VALUES (833, 'en_NZ_2', 25);
INSERT INTO public.local_nutrient_types VALUES (834, 'en_NZ_2', 144);
INSERT INTO public.local_nutrient_types VALUES (835, 'en_NZ_2', 24);
INSERT INTO public.local_nutrient_types VALUES (836, 'en_NZ_2', 149);
INSERT INTO public.local_nutrient_types VALUES (837, 'en_NZ_2', 29);
INSERT INTO public.local_nutrient_types VALUES (838, 'en_NZ_2', 141);
INSERT INTO public.local_nutrient_types VALUES (839, 'en_NZ_2', 28);
INSERT INTO public.local_nutrient_types VALUES (840, 'en_NZ_2', 151);
INSERT INTO public.local_nutrient_types VALUES (841, 'en_NZ_2', 125);
INSERT INTO public.local_nutrient_types VALUES (842, 'en_NZ_2', 128);
INSERT INTO public.local_nutrient_types VALUES (843, 'en_NZ_2', 10);
INSERT INTO public.local_nutrient_types VALUES (844, 'en_NZ_2', 145);
INSERT INTO public.local_nutrient_types VALUES (845, 'en_NZ_2', 30);
INSERT INTO public.local_nutrient_types VALUES (846, 'en_NZ_2', 136);
INSERT INTO public.local_nutrient_types VALUES (847, 'en_NZ_2', 142);
INSERT INTO public.local_nutrient_types VALUES (848, 'en_NZ_2', 139);
INSERT INTO public.local_nutrient_types VALUES (849, 'en_NZ_2', 114);
INSERT INTO public.local_nutrient_types VALUES (850, 'en_NZ_2', 124);
INSERT INTO public.local_nutrient_types VALUES (851, 'en_NZ_2', 152);
INSERT INTO public.local_nutrient_types VALUES (852, 'en_NZ_2', 138);
INSERT INTO public.local_nutrient_types VALUES (853, 'en_NZ_2', 16);
INSERT INTO public.local_nutrient_types VALUES (854, 'en_NZ_2', 21);
INSERT INTO public.local_nutrient_types VALUES (855, 'en_NZ_2', 27);
INSERT INTO public.local_nutrient_types VALUES (856, 'en_NZ_2', 123);
INSERT INTO public.local_nutrient_types VALUES (857, 'en_NZ_2', 115);
INSERT INTO public.local_nutrient_types VALUES (858, 'en_NZ_2', 9);
INSERT INTO public.local_nutrient_types VALUES (859, 'en_NZ_2', 58);
INSERT INTO public.local_nutrient_types VALUES (860, 'en_NZ_2', 126);
INSERT INTO public.local_nutrient_types VALUES (861, 'en_NZ_2', 120);
INSERT INTO public.local_nutrient_types VALUES (862, 'en_NZ_2', 133);
INSERT INTO public.local_nutrient_types VALUES (863, 'en_NZ_2', 132);
INSERT INTO public.local_nutrient_types VALUES (864, 'en_NZ_2', 122);
INSERT INTO public.local_nutrient_types VALUES (865, 'en_NZ_2', 130);
INSERT INTO public.local_nutrient_types VALUES (866, 'en_NZ_2', 8);
INSERT INTO public.local_nutrient_types VALUES (867, 'en_NZ_2', 147);
INSERT INTO public.local_nutrient_types VALUES (868, 'en_NZ_2', 228);
INSERT INTO public.local_nutrient_types VALUES (869, 'en_GB_sa', 1);
INSERT INTO public.local_nutrient_types VALUES (870, 'en_GB_sa', 49);
INSERT INTO public.local_nutrient_types VALUES (871, 'en_GB_sa', 50);
INSERT INTO public.local_nutrient_types VALUES (872, 'en_GB_sa', 11);
INSERT INTO public.local_nutrient_types VALUES (873, 'en_GB_sa', 13);
INSERT INTO public.local_nutrient_types VALUES (874, 'en_GB_sa', 22);
INSERT INTO public.local_nutrient_types VALUES (875, 'en_GB_sa', 23);
INSERT INTO public.local_nutrient_types VALUES (876, 'en_GB_sa', 20);
INSERT INTO public.local_nutrient_types VALUES (877, 'en_GB_sa', 18);
INSERT INTO public.local_nutrient_types VALUES (878, 'en_GB_sa', 19);
INSERT INTO public.local_nutrient_types VALUES (879, 'en_GB_sa', 129);
INSERT INTO public.local_nutrient_types VALUES (880, 'en_GB_sa', 140);
INSERT INTO public.local_nutrient_types VALUES (881, 'en_GB_sa', 143);
INSERT INTO public.local_nutrient_types VALUES (882, 'en_GB_sa', 116);
INSERT INTO public.local_nutrient_types VALUES (883, 'en_GB_sa', 119);
INSERT INTO public.local_nutrient_types VALUES (884, 'en_GB_sa', 117);
INSERT INTO public.local_nutrient_types VALUES (885, 'en_GB_sa', 137);
INSERT INTO public.local_nutrient_types VALUES (886, 'en_GB_sa', 148);
INSERT INTO public.local_nutrient_types VALUES (887, 'en_GB_sa', 59);
INSERT INTO public.local_nutrient_types VALUES (888, 'en_GB_sa', 55);
INSERT INTO public.local_nutrient_types VALUES (889, 'en_GB_sa', 56);
INSERT INTO public.local_nutrient_types VALUES (890, 'en_GB_sa', 57);
INSERT INTO public.local_nutrient_types VALUES (891, 'en_GB_sa', 146);
INSERT INTO public.local_nutrient_types VALUES (892, 'en_GB_sa', 2);
INSERT INTO public.local_nutrient_types VALUES (893, 'en_GB_sa', 15);
INSERT INTO public.local_nutrient_types VALUES (894, 'en_GB_sa', 134);
INSERT INTO public.local_nutrient_types VALUES (895, 'en_GB_sa', 26);
INSERT INTO public.local_nutrient_types VALUES (896, 'en_GB_sa', 25);
INSERT INTO public.local_nutrient_types VALUES (897, 'en_GB_sa', 144);
INSERT INTO public.local_nutrient_types VALUES (898, 'en_GB_sa', 24);
INSERT INTO public.local_nutrient_types VALUES (899, 'en_GB_sa', 149);
INSERT INTO public.local_nutrient_types VALUES (900, 'en_GB_sa', 29);
INSERT INTO public.local_nutrient_types VALUES (901, 'en_GB_sa', 141);
INSERT INTO public.local_nutrient_types VALUES (902, 'en_GB_sa', 28);
INSERT INTO public.local_nutrient_types VALUES (903, 'en_GB_sa', 151);
INSERT INTO public.local_nutrient_types VALUES (904, 'en_GB_sa', 125);
INSERT INTO public.local_nutrient_types VALUES (905, 'en_GB_sa', 128);
INSERT INTO public.local_nutrient_types VALUES (906, 'en_GB_sa', 10);
INSERT INTO public.local_nutrient_types VALUES (907, 'en_GB_sa', 145);
INSERT INTO public.local_nutrient_types VALUES (908, 'en_GB_sa', 30);
INSERT INTO public.local_nutrient_types VALUES (909, 'en_GB_sa', 136);
INSERT INTO public.local_nutrient_types VALUES (910, 'en_GB_sa', 142);
INSERT INTO public.local_nutrient_types VALUES (911, 'en_GB_sa', 139);
INSERT INTO public.local_nutrient_types VALUES (912, 'en_GB_sa', 114);
INSERT INTO public.local_nutrient_types VALUES (913, 'en_GB_sa', 124);
INSERT INTO public.local_nutrient_types VALUES (914, 'en_GB_sa', 152);
INSERT INTO public.local_nutrient_types VALUES (915, 'en_GB_sa', 138);
INSERT INTO public.local_nutrient_types VALUES (916, 'en_GB_sa', 16);
INSERT INTO public.local_nutrient_types VALUES (917, 'en_GB_sa', 21);
INSERT INTO public.local_nutrient_types VALUES (918, 'en_GB_sa', 27);
INSERT INTO public.local_nutrient_types VALUES (919, 'en_GB_sa', 123);
INSERT INTO public.local_nutrient_types VALUES (920, 'en_GB_sa', 115);
INSERT INTO public.local_nutrient_types VALUES (921, 'en_GB_sa', 9);
INSERT INTO public.local_nutrient_types VALUES (922, 'en_GB_sa', 58);
INSERT INTO public.local_nutrient_types VALUES (923, 'en_GB_sa', 126);
INSERT INTO public.local_nutrient_types VALUES (924, 'en_GB_sa', 120);
INSERT INTO public.local_nutrient_types VALUES (925, 'en_GB_sa', 133);
INSERT INTO public.local_nutrient_types VALUES (926, 'en_GB_sa', 132);
INSERT INTO public.local_nutrient_types VALUES (927, 'en_GB_sa', 122);
INSERT INTO public.local_nutrient_types VALUES (928, 'en_GB_sa', 130);
INSERT INTO public.local_nutrient_types VALUES (929, 'en_GB_sa', 8);
INSERT INTO public.local_nutrient_types VALUES (930, 'en_GB_sa', 147);
INSERT INTO public.local_nutrient_types VALUES (931, 'en_GB_sa', 228);
INSERT INTO public.local_nutrient_types VALUES (932, 'NDNSv1', 8);
INSERT INTO public.local_nutrient_types VALUES (933, 'NDNSv1', 9);
INSERT INTO public.local_nutrient_types VALUES (934, 'NDNSv1', 10);
INSERT INTO public.local_nutrient_types VALUES (935, 'NDNSv1', 11);
INSERT INTO public.local_nutrient_types VALUES (936, 'NDNSv1', 49);
INSERT INTO public.local_nutrient_types VALUES (937, 'NDNSv1', 13);
INSERT INTO public.local_nutrient_types VALUES (938, 'NDNSv1', 1);
INSERT INTO public.local_nutrient_types VALUES (939, 'NDNSv1', 2);
INSERT INTO public.local_nutrient_types VALUES (940, 'NDNSv1', 20);
INSERT INTO public.local_nutrient_types VALUES (941, 'NDNSv1', 15);
INSERT INTO public.local_nutrient_types VALUES (942, 'NDNSv1', 21);
INSERT INTO public.local_nutrient_types VALUES (943, 'NDNSv1', 22);
INSERT INTO public.local_nutrient_types VALUES (944, 'NDNSv1', 242);
INSERT INTO public.local_nutrient_types VALUES (945, 'NDNSv1', 23);
INSERT INTO public.local_nutrient_types VALUES (946, 'NDNSv1', 24);
INSERT INTO public.local_nutrient_types VALUES (947, 'NDNSv1', 25);
INSERT INTO public.local_nutrient_types VALUES (948, 'NDNSv1', 26);
INSERT INTO public.local_nutrient_types VALUES (949, 'NDNSv1', 28);
INSERT INTO public.local_nutrient_types VALUES (950, 'NDNSv1', 29);
INSERT INTO public.local_nutrient_types VALUES (951, 'NDNSv1', 27);
INSERT INTO public.local_nutrient_types VALUES (952, 'NDNSv1', 30);
INSERT INTO public.local_nutrient_types VALUES (953, 'NDNSv1', 243);
INSERT INTO public.local_nutrient_types VALUES (954, 'NDNSv1', 244);
INSERT INTO public.local_nutrient_types VALUES (955, 'NDNSv1', 245);
INSERT INTO public.local_nutrient_types VALUES (956, 'NDNSv1', 246);
INSERT INTO public.local_nutrient_types VALUES (957, 'NDNSv1', 247);
INSERT INTO public.local_nutrient_types VALUES (958, 'NDNSv1', 248);
INSERT INTO public.local_nutrient_types VALUES (959, 'NDNSv1', 249);
INSERT INTO public.local_nutrient_types VALUES (960, 'NDNSv1', 250);
INSERT INTO public.local_nutrient_types VALUES (961, 'NDNSv1', 50);
INSERT INTO public.local_nutrient_types VALUES (962, 'NDNSv1', 55);
INSERT INTO public.local_nutrient_types VALUES (963, 'NDNSv1', 56);
INSERT INTO public.local_nutrient_types VALUES (964, 'NDNSv1', 57);
INSERT INTO public.local_nutrient_types VALUES (965, 'NDNSv1', 58);
INSERT INTO public.local_nutrient_types VALUES (966, 'NDNSv1', 59);
INSERT INTO public.local_nutrient_types VALUES (967, 'NDNSv1', 114);
INSERT INTO public.local_nutrient_types VALUES (968, 'NDNSv1', 115);
INSERT INTO public.local_nutrient_types VALUES (969, 'NDNSv1', 116);
INSERT INTO public.local_nutrient_types VALUES (970, 'NDNSv1', 117);
INSERT INTO public.local_nutrient_types VALUES (971, 'NDNSv1', 119);
INSERT INTO public.local_nutrient_types VALUES (972, 'NDNSv1', 120);
INSERT INTO public.local_nutrient_types VALUES (973, 'NDNSv1', 122);
INSERT INTO public.local_nutrient_types VALUES (974, 'NDNSv1', 123);
INSERT INTO public.local_nutrient_types VALUES (975, 'NDNSv1', 124);
INSERT INTO public.local_nutrient_types VALUES (976, 'NDNSv1', 125);
INSERT INTO public.local_nutrient_types VALUES (977, 'NDNSv1', 126);
INSERT INTO public.local_nutrient_types VALUES (978, 'NDNSv1', 128);
INSERT INTO public.local_nutrient_types VALUES (979, 'NDNSv1', 129);
INSERT INTO public.local_nutrient_types VALUES (980, 'NDNSv1', 130);
INSERT INTO public.local_nutrient_types VALUES (981, 'NDNSv1', 132);
INSERT INTO public.local_nutrient_types VALUES (982, 'NDNSv1', 133);
INSERT INTO public.local_nutrient_types VALUES (983, 'NDNSv1', 134);
INSERT INTO public.local_nutrient_types VALUES (984, 'NDNSv1', 136);
INSERT INTO public.local_nutrient_types VALUES (985, 'NDNSv1', 137);
INSERT INTO public.local_nutrient_types VALUES (986, 'NDNSv1', 138);
INSERT INTO public.local_nutrient_types VALUES (987, 'NDNSv1', 139);
INSERT INTO public.local_nutrient_types VALUES (988, 'NDNSv1', 140);
INSERT INTO public.local_nutrient_types VALUES (989, 'NDNSv1', 141);
INSERT INTO public.local_nutrient_types VALUES (990, 'NDNSv1', 142);
INSERT INTO public.local_nutrient_types VALUES (991, 'NDNSv1', 143);
INSERT INTO public.local_nutrient_types VALUES (992, 'NDNSv1', 144);
INSERT INTO public.local_nutrient_types VALUES (993, 'NDNSv1', 145);
INSERT INTO public.local_nutrient_types VALUES (994, 'NDNSv1', 146);
INSERT INTO public.local_nutrient_types VALUES (995, 'NDNSv1', 147);
INSERT INTO public.local_nutrient_types VALUES (996, 'NDNSv1', 148);
INSERT INTO public.local_nutrient_types VALUES (997, 'NDNSv1', 149);
INSERT INTO public.local_nutrient_types VALUES (998, 'NDNSv1', 151);
INSERT INTO public.local_nutrient_types VALUES (999, 'NDNSv1', 152);
INSERT INTO public.local_nutrient_types VALUES (1000, 'NDNSv1', 251);
INSERT INTO public.local_nutrient_types VALUES (1001, 'NDNSv1', 252);
INSERT INTO public.local_nutrient_types VALUES (1002, 'NDNSv1', 253);
INSERT INTO public.local_nutrient_types VALUES (1003, 'NDNSv1', 254);
INSERT INTO public.local_nutrient_types VALUES (1004, 'NDNSv1', 255);
INSERT INTO public.local_nutrient_types VALUES (1005, 'NDNSv1', 256);
INSERT INTO public.local_nutrient_types VALUES (1006, 'NDNSv1', 257);
INSERT INTO public.local_nutrient_types VALUES (1007, 'NDNSv1', 258);
INSERT INTO public.local_nutrient_types VALUES (1008, 'NDNSv1', 259);
INSERT INTO public.local_nutrient_types VALUES (1009, 'NDNSv1', 260);
INSERT INTO public.local_nutrient_types VALUES (1010, 'NDNSv1', 261);
INSERT INTO public.local_nutrient_types VALUES (1011, 'NDNSv1', 262);
INSERT INTO public.local_nutrient_types VALUES (1012, 'NDNSv1', 263);
INSERT INTO public.local_nutrient_types VALUES (1013, 'NDNSv1', 264);
INSERT INTO public.local_nutrient_types VALUES (1014, 'NDNSv1', 265);
INSERT INTO public.local_nutrient_types VALUES (1015, 'NDNSv1', 266);
INSERT INTO public.local_nutrient_types VALUES (1016, 'NDNSv1', 267);
INSERT INTO public.local_nutrient_types VALUES (1017, 'NDNSv1', 268);
INSERT INTO public.local_nutrient_types VALUES (1018, 'NDNSv1', 269);
INSERT INTO public.local_nutrient_types VALUES (1019, 'NDNSv1', 270);
INSERT INTO public.local_nutrient_types VALUES (1020, 'NDNSv1', 271);
INSERT INTO public.local_nutrient_types VALUES (1021, 'NDNSv1', 272);
INSERT INTO public.local_nutrient_types VALUES (1022, 'NDNSv1', 273);
INSERT INTO public.local_nutrient_types VALUES (1023, 'NDNSv1', 274);
INSERT INTO public.local_nutrient_types VALUES (1024, 'NDNSv1', 275);
INSERT INTO public.local_nutrient_types VALUES (1025, 'NDNSv1', 276);
INSERT INTO public.local_nutrient_types VALUES (1026, 'NDNSv1', 277);
INSERT INTO public.local_nutrient_types VALUES (1027, 'NDNSv1', 278);
INSERT INTO public.local_nutrient_types VALUES (1028, 'NDNSv1', 279);
INSERT INTO public.local_nutrient_types VALUES (1029, 'NDNSv1', 280);
INSERT INTO public.local_nutrient_types VALUES (1030, 'BHSAv1', 8);
INSERT INTO public.local_nutrient_types VALUES (1031, 'BHSAv1', 9);
INSERT INTO public.local_nutrient_types VALUES (1032, 'BHSAv1', 10);
INSERT INTO public.local_nutrient_types VALUES (1033, 'BHSAv1', 11);
INSERT INTO public.local_nutrient_types VALUES (1034, 'BHSAv1', 49);
INSERT INTO public.local_nutrient_types VALUES (1035, 'BHSAv1', 13);
INSERT INTO public.local_nutrient_types VALUES (1036, 'BHSAv1', 1);
INSERT INTO public.local_nutrient_types VALUES (1037, 'BHSAv1', 2);
INSERT INTO public.local_nutrient_types VALUES (1038, 'BHSAv1', 20);
INSERT INTO public.local_nutrient_types VALUES (1039, 'BHSAv1', 15);
INSERT INTO public.local_nutrient_types VALUES (1040, 'BHSAv1', 21);
INSERT INTO public.local_nutrient_types VALUES (1041, 'BHSAv1', 22);
INSERT INTO public.local_nutrient_types VALUES (1042, 'BHSAv1', 242);
INSERT INTO public.local_nutrient_types VALUES (1043, 'BHSAv1', 23);
INSERT INTO public.local_nutrient_types VALUES (1044, 'BHSAv1', 24);
INSERT INTO public.local_nutrient_types VALUES (1045, 'BHSAv1', 25);
INSERT INTO public.local_nutrient_types VALUES (1046, 'BHSAv1', 26);
INSERT INTO public.local_nutrient_types VALUES (1047, 'BHSAv1', 28);
INSERT INTO public.local_nutrient_types VALUES (1048, 'BHSAv1', 29);
INSERT INTO public.local_nutrient_types VALUES (1049, 'BHSAv1', 27);
INSERT INTO public.local_nutrient_types VALUES (1050, 'BHSAv1', 30);
INSERT INTO public.local_nutrient_types VALUES (1051, 'BHSAv1', 243);
INSERT INTO public.local_nutrient_types VALUES (1052, 'BHSAv1', 244);
INSERT INTO public.local_nutrient_types VALUES (1053, 'BHSAv1', 245);
INSERT INTO public.local_nutrient_types VALUES (1054, 'BHSAv1', 246);
INSERT INTO public.local_nutrient_types VALUES (1055, 'BHSAv1', 247);
INSERT INTO public.local_nutrient_types VALUES (1056, 'BHSAv1', 248);
INSERT INTO public.local_nutrient_types VALUES (1057, 'BHSAv1', 249);
INSERT INTO public.local_nutrient_types VALUES (1058, 'BHSAv1', 250);
INSERT INTO public.local_nutrient_types VALUES (1059, 'BHSAv1', 50);
INSERT INTO public.local_nutrient_types VALUES (1060, 'BHSAv1', 55);
INSERT INTO public.local_nutrient_types VALUES (1061, 'BHSAv1', 56);
INSERT INTO public.local_nutrient_types VALUES (1062, 'BHSAv1', 57);
INSERT INTO public.local_nutrient_types VALUES (1063, 'BHSAv1', 58);
INSERT INTO public.local_nutrient_types VALUES (1064, 'BHSAv1', 59);
INSERT INTO public.local_nutrient_types VALUES (1065, 'BHSAv1', 114);
INSERT INTO public.local_nutrient_types VALUES (1066, 'BHSAv1', 115);
INSERT INTO public.local_nutrient_types VALUES (1067, 'BHSAv1', 116);
INSERT INTO public.local_nutrient_types VALUES (1068, 'BHSAv1', 117);
INSERT INTO public.local_nutrient_types VALUES (1069, 'BHSAv1', 119);
INSERT INTO public.local_nutrient_types VALUES (1070, 'BHSAv1', 120);
INSERT INTO public.local_nutrient_types VALUES (1071, 'BHSAv1', 122);
INSERT INTO public.local_nutrient_types VALUES (1072, 'BHSAv1', 123);
INSERT INTO public.local_nutrient_types VALUES (1073, 'BHSAv1', 124);
INSERT INTO public.local_nutrient_types VALUES (1074, 'BHSAv1', 125);
INSERT INTO public.local_nutrient_types VALUES (1075, 'BHSAv1', 126);
INSERT INTO public.local_nutrient_types VALUES (1076, 'BHSAv1', 128);
INSERT INTO public.local_nutrient_types VALUES (1077, 'BHSAv1', 129);
INSERT INTO public.local_nutrient_types VALUES (1078, 'BHSAv1', 130);
INSERT INTO public.local_nutrient_types VALUES (1079, 'BHSAv1', 132);
INSERT INTO public.local_nutrient_types VALUES (1080, 'BHSAv1', 133);
INSERT INTO public.local_nutrient_types VALUES (1081, 'BHSAv1', 134);
INSERT INTO public.local_nutrient_types VALUES (1082, 'BHSAv1', 136);
INSERT INTO public.local_nutrient_types VALUES (1083, 'BHSAv1', 137);
INSERT INTO public.local_nutrient_types VALUES (1084, 'BHSAv1', 138);
INSERT INTO public.local_nutrient_types VALUES (1085, 'BHSAv1', 139);
INSERT INTO public.local_nutrient_types VALUES (1086, 'BHSAv1', 140);
INSERT INTO public.local_nutrient_types VALUES (1087, 'BHSAv1', 141);
INSERT INTO public.local_nutrient_types VALUES (1088, 'BHSAv1', 142);
INSERT INTO public.local_nutrient_types VALUES (1089, 'BHSAv1', 143);
INSERT INTO public.local_nutrient_types VALUES (1090, 'BHSAv1', 144);
INSERT INTO public.local_nutrient_types VALUES (1091, 'BHSAv1', 145);
INSERT INTO public.local_nutrient_types VALUES (1092, 'BHSAv1', 146);
INSERT INTO public.local_nutrient_types VALUES (1093, 'BHSAv1', 147);
INSERT INTO public.local_nutrient_types VALUES (1094, 'BHSAv1', 148);
INSERT INTO public.local_nutrient_types VALUES (1095, 'BHSAv1', 149);
INSERT INTO public.local_nutrient_types VALUES (1096, 'BHSAv1', 151);
INSERT INTO public.local_nutrient_types VALUES (1097, 'BHSAv1', 152);
INSERT INTO public.local_nutrient_types VALUES (1098, 'BHSAv1', 251);
INSERT INTO public.local_nutrient_types VALUES (1099, 'BHSAv1', 252);
INSERT INTO public.local_nutrient_types VALUES (1100, 'BHSAv1', 253);
INSERT INTO public.local_nutrient_types VALUES (1101, 'BHSAv1', 254);
INSERT INTO public.local_nutrient_types VALUES (1102, 'BHSAv1', 255);
INSERT INTO public.local_nutrient_types VALUES (1103, 'BHSAv1', 256);
INSERT INTO public.local_nutrient_types VALUES (1104, 'BHSAv1', 257);
INSERT INTO public.local_nutrient_types VALUES (1105, 'BHSAv1', 258);
INSERT INTO public.local_nutrient_types VALUES (1106, 'BHSAv1', 259);
INSERT INTO public.local_nutrient_types VALUES (1107, 'BHSAv1', 260);
INSERT INTO public.local_nutrient_types VALUES (1108, 'BHSAv1', 261);
INSERT INTO public.local_nutrient_types VALUES (1109, 'BHSAv1', 262);
INSERT INTO public.local_nutrient_types VALUES (1110, 'BHSAv1', 263);
INSERT INTO public.local_nutrient_types VALUES (1111, 'BHSAv1', 264);
INSERT INTO public.local_nutrient_types VALUES (1112, 'BHSAv1', 265);
INSERT INTO public.local_nutrient_types VALUES (1113, 'BHSAv1', 266);
INSERT INTO public.local_nutrient_types VALUES (1114, 'BHSAv1', 267);
INSERT INTO public.local_nutrient_types VALUES (1115, 'BHSAv1', 268);
INSERT INTO public.local_nutrient_types VALUES (1116, 'BHSAv1', 269);
INSERT INTO public.local_nutrient_types VALUES (1117, 'BHSAv1', 270);
INSERT INTO public.local_nutrient_types VALUES (1118, 'BHSAv1', 271);
INSERT INTO public.local_nutrient_types VALUES (1119, 'BHSAv1', 272);
INSERT INTO public.local_nutrient_types VALUES (1120, 'BHSAv1', 273);
INSERT INTO public.local_nutrient_types VALUES (1121, 'BHSAv1', 274);
INSERT INTO public.local_nutrient_types VALUES (1122, 'BHSAv1', 275);
INSERT INTO public.local_nutrient_types VALUES (1123, 'BHSAv1', 276);
INSERT INTO public.local_nutrient_types VALUES (1124, 'BHSAv1', 277);
INSERT INTO public.local_nutrient_types VALUES (1125, 'BHSAv1', 278);
INSERT INTO public.local_nutrient_types VALUES (1126, 'BHSAv1', 279);
INSERT INTO public.local_nutrient_types VALUES (1127, 'BHSAv1', 280);
INSERT INTO public.local_nutrient_types VALUES (1128, 'UKSAv2', 8);
INSERT INTO public.local_nutrient_types VALUES (1129, 'UKSAv2', 9);
INSERT INTO public.local_nutrient_types VALUES (1130, 'UKSAv2', 10);
INSERT INTO public.local_nutrient_types VALUES (1131, 'UKSAv2', 11);
INSERT INTO public.local_nutrient_types VALUES (1132, 'UKSAv2', 49);
INSERT INTO public.local_nutrient_types VALUES (1133, 'UKSAv2', 13);
INSERT INTO public.local_nutrient_types VALUES (1134, 'UKSAv2', 1);
INSERT INTO public.local_nutrient_types VALUES (1135, 'UKSAv2', 2);
INSERT INTO public.local_nutrient_types VALUES (1136, 'UKSAv2', 20);
INSERT INTO public.local_nutrient_types VALUES (1137, 'UKSAv2', 15);
INSERT INTO public.local_nutrient_types VALUES (1138, 'UKSAv2', 21);
INSERT INTO public.local_nutrient_types VALUES (1139, 'UKSAv2', 22);
INSERT INTO public.local_nutrient_types VALUES (1140, 'UKSAv2', 242);
INSERT INTO public.local_nutrient_types VALUES (1141, 'UKSAv2', 23);
INSERT INTO public.local_nutrient_types VALUES (1142, 'UKSAv2', 24);
INSERT INTO public.local_nutrient_types VALUES (1143, 'UKSAv2', 25);
INSERT INTO public.local_nutrient_types VALUES (1144, 'UKSAv2', 26);
INSERT INTO public.local_nutrient_types VALUES (1145, 'UKSAv2', 28);
INSERT INTO public.local_nutrient_types VALUES (1146, 'UKSAv2', 29);
INSERT INTO public.local_nutrient_types VALUES (1147, 'UKSAv2', 27);
INSERT INTO public.local_nutrient_types VALUES (1148, 'UKSAv2', 30);
INSERT INTO public.local_nutrient_types VALUES (1149, 'UKSAv2', 243);
INSERT INTO public.local_nutrient_types VALUES (1150, 'UKSAv2', 244);
INSERT INTO public.local_nutrient_types VALUES (1151, 'UKSAv2', 245);
INSERT INTO public.local_nutrient_types VALUES (1152, 'UKSAv2', 246);
INSERT INTO public.local_nutrient_types VALUES (1153, 'UKSAv2', 247);
INSERT INTO public.local_nutrient_types VALUES (1154, 'UKSAv2', 248);
INSERT INTO public.local_nutrient_types VALUES (1155, 'UKSAv2', 249);
INSERT INTO public.local_nutrient_types VALUES (1156, 'UKSAv2', 250);
INSERT INTO public.local_nutrient_types VALUES (1157, 'UKSAv2', 50);
INSERT INTO public.local_nutrient_types VALUES (1158, 'UKSAv2', 55);
INSERT INTO public.local_nutrient_types VALUES (1159, 'UKSAv2', 56);
INSERT INTO public.local_nutrient_types VALUES (1160, 'UKSAv2', 57);
INSERT INTO public.local_nutrient_types VALUES (1161, 'UKSAv2', 58);
INSERT INTO public.local_nutrient_types VALUES (1162, 'UKSAv2', 59);
INSERT INTO public.local_nutrient_types VALUES (1163, 'UKSAv2', 114);
INSERT INTO public.local_nutrient_types VALUES (1164, 'UKSAv2', 115);
INSERT INTO public.local_nutrient_types VALUES (1165, 'UKSAv2', 116);
INSERT INTO public.local_nutrient_types VALUES (1166, 'UKSAv2', 117);
INSERT INTO public.local_nutrient_types VALUES (1167, 'UKSAv2', 119);
INSERT INTO public.local_nutrient_types VALUES (1168, 'UKSAv2', 120);
INSERT INTO public.local_nutrient_types VALUES (1169, 'UKSAv2', 122);
INSERT INTO public.local_nutrient_types VALUES (1170, 'UKSAv2', 123);
INSERT INTO public.local_nutrient_types VALUES (1171, 'UKSAv2', 124);
INSERT INTO public.local_nutrient_types VALUES (1172, 'UKSAv2', 125);
INSERT INTO public.local_nutrient_types VALUES (1173, 'UKSAv2', 126);
INSERT INTO public.local_nutrient_types VALUES (1174, 'UKSAv2', 128);
INSERT INTO public.local_nutrient_types VALUES (1175, 'UKSAv2', 129);
INSERT INTO public.local_nutrient_types VALUES (1176, 'UKSAv2', 130);
INSERT INTO public.local_nutrient_types VALUES (1177, 'UKSAv2', 132);
INSERT INTO public.local_nutrient_types VALUES (1178, 'UKSAv2', 133);
INSERT INTO public.local_nutrient_types VALUES (1179, 'UKSAv2', 134);
INSERT INTO public.local_nutrient_types VALUES (1180, 'UKSAv2', 136);
INSERT INTO public.local_nutrient_types VALUES (1181, 'UKSAv2', 137);
INSERT INTO public.local_nutrient_types VALUES (1182, 'UKSAv2', 138);
INSERT INTO public.local_nutrient_types VALUES (1183, 'UKSAv2', 139);
INSERT INTO public.local_nutrient_types VALUES (1184, 'UKSAv2', 140);
INSERT INTO public.local_nutrient_types VALUES (1185, 'UKSAv2', 141);
INSERT INTO public.local_nutrient_types VALUES (1186, 'UKSAv2', 142);
INSERT INTO public.local_nutrient_types VALUES (1187, 'UKSAv2', 143);
INSERT INTO public.local_nutrient_types VALUES (1188, 'UKSAv2', 144);
INSERT INTO public.local_nutrient_types VALUES (1189, 'UKSAv2', 145);
INSERT INTO public.local_nutrient_types VALUES (1190, 'UKSAv2', 146);
INSERT INTO public.local_nutrient_types VALUES (1191, 'UKSAv2', 147);
INSERT INTO public.local_nutrient_types VALUES (1192, 'UKSAv2', 148);
INSERT INTO public.local_nutrient_types VALUES (1193, 'UKSAv2', 149);
INSERT INTO public.local_nutrient_types VALUES (1194, 'UKSAv2', 151);
INSERT INTO public.local_nutrient_types VALUES (1195, 'UKSAv2', 152);
INSERT INTO public.local_nutrient_types VALUES (1196, 'UKSAv2', 251);
INSERT INTO public.local_nutrient_types VALUES (1197, 'UKSAv2', 252);
INSERT INTO public.local_nutrient_types VALUES (1198, 'UKSAv2', 253);
INSERT INTO public.local_nutrient_types VALUES (1199, 'UKSAv2', 254);
INSERT INTO public.local_nutrient_types VALUES (1200, 'UKSAv2', 255);
INSERT INTO public.local_nutrient_types VALUES (1201, 'UKSAv2', 256);
INSERT INTO public.local_nutrient_types VALUES (1202, 'UKSAv2', 257);
INSERT INTO public.local_nutrient_types VALUES (1203, 'UKSAv2', 258);
INSERT INTO public.local_nutrient_types VALUES (1204, 'UKSAv2', 259);
INSERT INTO public.local_nutrient_types VALUES (1205, 'UKSAv2', 260);
INSERT INTO public.local_nutrient_types VALUES (1206, 'UKSAv2', 261);
INSERT INTO public.local_nutrient_types VALUES (1207, 'UKSAv2', 262);
INSERT INTO public.local_nutrient_types VALUES (1208, 'UKSAv2', 263);
INSERT INTO public.local_nutrient_types VALUES (1209, 'UKSAv2', 264);
INSERT INTO public.local_nutrient_types VALUES (1210, 'UKSAv2', 265);
INSERT INTO public.local_nutrient_types VALUES (1211, 'UKSAv2', 266);
INSERT INTO public.local_nutrient_types VALUES (1212, 'UKSAv2', 267);
INSERT INTO public.local_nutrient_types VALUES (1213, 'UKSAv2', 268);
INSERT INTO public.local_nutrient_types VALUES (1214, 'UKSAv2', 269);
INSERT INTO public.local_nutrient_types VALUES (1215, 'UKSAv2', 270);
INSERT INTO public.local_nutrient_types VALUES (1216, 'UKSAv2', 271);
INSERT INTO public.local_nutrient_types VALUES (1217, 'UKSAv2', 272);
INSERT INTO public.local_nutrient_types VALUES (1218, 'UKSAv2', 273);
INSERT INTO public.local_nutrient_types VALUES (1219, 'UKSAv2', 274);
INSERT INTO public.local_nutrient_types VALUES (1220, 'UKSAv2', 275);
INSERT INTO public.local_nutrient_types VALUES (1221, 'UKSAv2', 276);
INSERT INTO public.local_nutrient_types VALUES (1222, 'UKSAv2', 277);
INSERT INTO public.local_nutrient_types VALUES (1223, 'UKSAv2', 278);
INSERT INTO public.local_nutrient_types VALUES (1224, 'UKSAv2', 279);
INSERT INTO public.local_nutrient_types VALUES (1225, 'UKSAv2', 280);
INSERT INTO public.local_nutrient_types VALUES (1289, 'en_FJ', 1);
INSERT INTO public.local_nutrient_types VALUES (1290, 'en_FJ', 49);
INSERT INTO public.local_nutrient_types VALUES (1291, 'en_FJ', 50);
INSERT INTO public.local_nutrient_types VALUES (1292, 'en_FJ', 11);
INSERT INTO public.local_nutrient_types VALUES (1293, 'en_FJ', 13);
INSERT INTO public.local_nutrient_types VALUES (1294, 'en_FJ', 22);
INSERT INTO public.local_nutrient_types VALUES (1295, 'en_FJ', 23);
INSERT INTO public.local_nutrient_types VALUES (1296, 'en_FJ', 20);
INSERT INTO public.local_nutrient_types VALUES (1297, 'en_FJ', 18);
INSERT INTO public.local_nutrient_types VALUES (1298, 'en_FJ', 19);
INSERT INTO public.local_nutrient_types VALUES (1299, 'en_FJ', 129);
INSERT INTO public.local_nutrient_types VALUES (1300, 'en_FJ', 140);
INSERT INTO public.local_nutrient_types VALUES (1301, 'en_FJ', 143);
INSERT INTO public.local_nutrient_types VALUES (1302, 'en_FJ', 116);
INSERT INTO public.local_nutrient_types VALUES (1303, 'en_FJ', 119);
INSERT INTO public.local_nutrient_types VALUES (1304, 'en_FJ', 117);
INSERT INTO public.local_nutrient_types VALUES (1305, 'en_FJ', 137);
INSERT INTO public.local_nutrient_types VALUES (1306, 'en_FJ', 148);
INSERT INTO public.local_nutrient_types VALUES (1307, 'en_FJ', 59);
INSERT INTO public.local_nutrient_types VALUES (1308, 'en_FJ', 55);
INSERT INTO public.local_nutrient_types VALUES (1309, 'en_FJ', 56);
INSERT INTO public.local_nutrient_types VALUES (1310, 'en_FJ', 57);
INSERT INTO public.local_nutrient_types VALUES (1311, 'en_FJ', 146);
INSERT INTO public.local_nutrient_types VALUES (1312, 'en_FJ', 2);
INSERT INTO public.local_nutrient_types VALUES (1313, 'en_FJ', 15);
INSERT INTO public.local_nutrient_types VALUES (1314, 'en_FJ', 134);
INSERT INTO public.local_nutrient_types VALUES (1315, 'en_FJ', 26);
INSERT INTO public.local_nutrient_types VALUES (1316, 'en_FJ', 25);
INSERT INTO public.local_nutrient_types VALUES (1317, 'en_FJ', 144);
INSERT INTO public.local_nutrient_types VALUES (1318, 'en_FJ', 24);
INSERT INTO public.local_nutrient_types VALUES (1319, 'en_FJ', 149);
INSERT INTO public.local_nutrient_types VALUES (1320, 'en_FJ', 29);
INSERT INTO public.local_nutrient_types VALUES (1321, 'en_FJ', 141);
INSERT INTO public.local_nutrient_types VALUES (1322, 'en_FJ', 28);
INSERT INTO public.local_nutrient_types VALUES (1323, 'en_FJ', 151);
INSERT INTO public.local_nutrient_types VALUES (1324, 'en_FJ', 125);
INSERT INTO public.local_nutrient_types VALUES (1325, 'en_FJ', 128);
INSERT INTO public.local_nutrient_types VALUES (1326, 'en_FJ', 10);
INSERT INTO public.local_nutrient_types VALUES (1327, 'en_FJ', 145);
INSERT INTO public.local_nutrient_types VALUES (1328, 'en_FJ', 30);
INSERT INTO public.local_nutrient_types VALUES (1329, 'en_FJ', 136);
INSERT INTO public.local_nutrient_types VALUES (1330, 'en_FJ', 142);
INSERT INTO public.local_nutrient_types VALUES (1331, 'en_FJ', 139);
INSERT INTO public.local_nutrient_types VALUES (1332, 'en_FJ', 114);
INSERT INTO public.local_nutrient_types VALUES (1333, 'en_FJ', 124);
INSERT INTO public.local_nutrient_types VALUES (1334, 'en_FJ', 152);
INSERT INTO public.local_nutrient_types VALUES (1335, 'en_FJ', 138);
INSERT INTO public.local_nutrient_types VALUES (1336, 'en_FJ', 16);
INSERT INTO public.local_nutrient_types VALUES (1337, 'en_FJ', 21);
INSERT INTO public.local_nutrient_types VALUES (1338, 'en_FJ', 27);
INSERT INTO public.local_nutrient_types VALUES (1339, 'en_FJ', 123);
INSERT INTO public.local_nutrient_types VALUES (1340, 'en_FJ', 115);
INSERT INTO public.local_nutrient_types VALUES (1341, 'en_FJ', 9);
INSERT INTO public.local_nutrient_types VALUES (1342, 'en_FJ', 58);
INSERT INTO public.local_nutrient_types VALUES (1343, 'en_FJ', 126);
INSERT INTO public.local_nutrient_types VALUES (1344, 'en_FJ', 120);
INSERT INTO public.local_nutrient_types VALUES (1345, 'en_FJ', 133);
INSERT INTO public.local_nutrient_types VALUES (1346, 'en_FJ', 132);
INSERT INTO public.local_nutrient_types VALUES (1347, 'en_FJ', 122);
INSERT INTO public.local_nutrient_types VALUES (1348, 'en_FJ', 130);
INSERT INTO public.local_nutrient_types VALUES (1349, 'en_FJ', 8);
INSERT INTO public.local_nutrient_types VALUES (1350, 'en_FJ', 147);
INSERT INTO public.local_nutrient_types VALUES (1351, 'en_FJ', 228);
INSERT INTO public.local_nutrient_types VALUES (1352, 'UK_current', 8);
INSERT INTO public.local_nutrient_types VALUES (1353, 'UK_current', 9);
INSERT INTO public.local_nutrient_types VALUES (1354, 'UK_current', 10);
INSERT INTO public.local_nutrient_types VALUES (1355, 'UK_current', 11);
INSERT INTO public.local_nutrient_types VALUES (1356, 'UK_current', 49);
INSERT INTO public.local_nutrient_types VALUES (1357, 'UK_current', 13);
INSERT INTO public.local_nutrient_types VALUES (1358, 'UK_current', 1);
INSERT INTO public.local_nutrient_types VALUES (1359, 'UK_current', 2);
INSERT INTO public.local_nutrient_types VALUES (1360, 'UK_current', 20);
INSERT INTO public.local_nutrient_types VALUES (1361, 'UK_current', 15);
INSERT INTO public.local_nutrient_types VALUES (1362, 'UK_current', 21);
INSERT INTO public.local_nutrient_types VALUES (1363, 'UK_current', 22);
INSERT INTO public.local_nutrient_types VALUES (1364, 'UK_current', 242);
INSERT INTO public.local_nutrient_types VALUES (1365, 'UK_current', 23);
INSERT INTO public.local_nutrient_types VALUES (1366, 'UK_current', 24);
INSERT INTO public.local_nutrient_types VALUES (1367, 'UK_current', 25);
INSERT INTO public.local_nutrient_types VALUES (1368, 'UK_current', 26);
INSERT INTO public.local_nutrient_types VALUES (1369, 'UK_current', 28);
INSERT INTO public.local_nutrient_types VALUES (1370, 'UK_current', 29);
INSERT INTO public.local_nutrient_types VALUES (1371, 'UK_current', 27);
INSERT INTO public.local_nutrient_types VALUES (1372, 'UK_current', 30);
INSERT INTO public.local_nutrient_types VALUES (1373, 'UK_current', 243);
INSERT INTO public.local_nutrient_types VALUES (1374, 'UK_current', 244);
INSERT INTO public.local_nutrient_types VALUES (1375, 'UK_current', 245);
INSERT INTO public.local_nutrient_types VALUES (1376, 'UK_current', 246);
INSERT INTO public.local_nutrient_types VALUES (1377, 'UK_current', 247);
INSERT INTO public.local_nutrient_types VALUES (1378, 'UK_current', 248);
INSERT INTO public.local_nutrient_types VALUES (1379, 'UK_current', 249);
INSERT INTO public.local_nutrient_types VALUES (1380, 'UK_current', 250);
INSERT INTO public.local_nutrient_types VALUES (1381, 'UK_current', 50);
INSERT INTO public.local_nutrient_types VALUES (1382, 'UK_current', 55);
INSERT INTO public.local_nutrient_types VALUES (1383, 'UK_current', 56);
INSERT INTO public.local_nutrient_types VALUES (1384, 'UK_current', 57);
INSERT INTO public.local_nutrient_types VALUES (1385, 'UK_current', 58);
INSERT INTO public.local_nutrient_types VALUES (1386, 'UK_current', 59);
INSERT INTO public.local_nutrient_types VALUES (1387, 'UK_current', 114);
INSERT INTO public.local_nutrient_types VALUES (1388, 'UK_current', 115);
INSERT INTO public.local_nutrient_types VALUES (1389, 'UK_current', 116);
INSERT INTO public.local_nutrient_types VALUES (1390, 'UK_current', 117);
INSERT INTO public.local_nutrient_types VALUES (1391, 'UK_current', 119);
INSERT INTO public.local_nutrient_types VALUES (1392, 'UK_current', 120);
INSERT INTO public.local_nutrient_types VALUES (1393, 'UK_current', 122);
INSERT INTO public.local_nutrient_types VALUES (1394, 'UK_current', 123);
INSERT INTO public.local_nutrient_types VALUES (1395, 'UK_current', 124);
INSERT INTO public.local_nutrient_types VALUES (1396, 'UK_current', 125);
INSERT INTO public.local_nutrient_types VALUES (1397, 'UK_current', 126);
INSERT INTO public.local_nutrient_types VALUES (1398, 'UK_current', 128);
INSERT INTO public.local_nutrient_types VALUES (1399, 'UK_current', 129);
INSERT INTO public.local_nutrient_types VALUES (1400, 'UK_current', 130);
INSERT INTO public.local_nutrient_types VALUES (1401, 'UK_current', 132);
INSERT INTO public.local_nutrient_types VALUES (1402, 'UK_current', 133);
INSERT INTO public.local_nutrient_types VALUES (1403, 'UK_current', 134);
INSERT INTO public.local_nutrient_types VALUES (1404, 'UK_current', 136);
INSERT INTO public.local_nutrient_types VALUES (1405, 'UK_current', 137);
INSERT INTO public.local_nutrient_types VALUES (1406, 'UK_current', 138);
INSERT INTO public.local_nutrient_types VALUES (1407, 'UK_current', 139);
INSERT INTO public.local_nutrient_types VALUES (1408, 'UK_current', 140);
INSERT INTO public.local_nutrient_types VALUES (1409, 'UK_current', 141);
INSERT INTO public.local_nutrient_types VALUES (1410, 'UK_current', 142);
INSERT INTO public.local_nutrient_types VALUES (1411, 'UK_current', 143);
INSERT INTO public.local_nutrient_types VALUES (1412, 'UK_current', 144);
INSERT INTO public.local_nutrient_types VALUES (1413, 'UK_current', 145);
INSERT INTO public.local_nutrient_types VALUES (1414, 'UK_current', 146);
INSERT INTO public.local_nutrient_types VALUES (1415, 'UK_current', 147);
INSERT INTO public.local_nutrient_types VALUES (1416, 'UK_current', 148);
INSERT INTO public.local_nutrient_types VALUES (1417, 'UK_current', 149);
INSERT INTO public.local_nutrient_types VALUES (1418, 'UK_current', 151);
INSERT INTO public.local_nutrient_types VALUES (1419, 'UK_current', 152);
INSERT INTO public.local_nutrient_types VALUES (1420, 'UK_current', 251);
INSERT INTO public.local_nutrient_types VALUES (1421, 'UK_current', 252);
INSERT INTO public.local_nutrient_types VALUES (1422, 'UK_current', 253);
INSERT INTO public.local_nutrient_types VALUES (1423, 'UK_current', 254);
INSERT INTO public.local_nutrient_types VALUES (1424, 'UK_current', 255);
INSERT INTO public.local_nutrient_types VALUES (1425, 'UK_current', 256);
INSERT INTO public.local_nutrient_types VALUES (1426, 'UK_current', 257);
INSERT INTO public.local_nutrient_types VALUES (1427, 'UK_current', 258);
INSERT INTO public.local_nutrient_types VALUES (1428, 'UK_current', 259);
INSERT INTO public.local_nutrient_types VALUES (1429, 'UK_current', 260);
INSERT INTO public.local_nutrient_types VALUES (1430, 'UK_current', 261);
INSERT INTO public.local_nutrient_types VALUES (1431, 'UK_current', 262);
INSERT INTO public.local_nutrient_types VALUES (1432, 'UK_current', 263);
INSERT INTO public.local_nutrient_types VALUES (1433, 'UK_current', 264);
INSERT INTO public.local_nutrient_types VALUES (1434, 'UK_current', 265);
INSERT INTO public.local_nutrient_types VALUES (1435, 'UK_current', 266);
INSERT INTO public.local_nutrient_types VALUES (1436, 'UK_current', 267);
INSERT INTO public.local_nutrient_types VALUES (1437, 'UK_current', 268);
INSERT INTO public.local_nutrient_types VALUES (1438, 'UK_current', 269);
INSERT INTO public.local_nutrient_types VALUES (1439, 'UK_current', 270);
INSERT INTO public.local_nutrient_types VALUES (1440, 'UK_current', 271);
INSERT INTO public.local_nutrient_types VALUES (1441, 'UK_current', 272);
INSERT INTO public.local_nutrient_types VALUES (1442, 'UK_current', 273);
INSERT INTO public.local_nutrient_types VALUES (1443, 'UK_current', 274);
INSERT INTO public.local_nutrient_types VALUES (1444, 'UK_current', 275);
INSERT INTO public.local_nutrient_types VALUES (1445, 'UK_current', 276);
INSERT INTO public.local_nutrient_types VALUES (1446, 'UK_current', 277);
INSERT INTO public.local_nutrient_types VALUES (1447, 'UK_current', 278);
INSERT INTO public.local_nutrient_types VALUES (1448, 'UK_current', 279);
INSERT INTO public.local_nutrient_types VALUES (1449, 'UK_current', 280);


--
-- Data for Name: schema_version; Type: TABLE DATA; Schema: public; Owner: -
--

INSERT INTO public.schema_version VALUES (87);


--
-- Name: local_nutrient_types_id_seq; Type: SEQUENCE SET; Schema: public; Owner: -
--

SELECT pg_catalog.setval('public.local_nutrient_types_id_seq', 1449, true);


--
-- PostgreSQL database dump complete
--

